ticker,name,market,sector,listing,listing_date,short_name,company_profile,com_type_code,com_group_code,tag,icb_code_lv2,source,updated_at
TLH,Công ty Cổ phần Tập đoàn Thép Tiến Lên,HSX,Basic Resources,True,2010-03-16,Thép Tiến Lên,"Công ty Cổ phần Tập đoàn Thép Tiến Lên (TLH), tiền thân là một cửa hàng vật liệu xây dựng được thành lập năm 1988. Năm 2009, công ty được cổ phần hóa. Hoạt động kinh doanh chính của công ty là sản xuất, gia công sắt, thép, vật liệu xây dựng. Thị trường tiêu thụ của công ty tập trung chủ yếu ở miền Đông Nam Bộ, miền Tây Nam Bộ, Tây Nguyên và miền Trung. Công ty đang mở rộng thị trường ra thị trường phía Bắc và hoàn thiện hệ thống phân phối tại Việt Nam. Ngoài thị trường trong nước, sản phẩm của công ty còn được xuất khẩu ra các nước trong khu vực Châu Á. Dây chuyền thép hình đặt tại Công ty TNHH Thép Tây Nguyên có công suất thiết kế 60.000 tấn/năm, dây chuyền sản xuất thép hình khổ lớn nhất mà Việt Nam có thể sản xuất được đặt tại Công ty Cổ phần Thép Bắc Nam có công suất là 300.000 tấn thành phẩm/năm. Có được sự thành công và lớn mạnh như ngày nay, bên cạnh sự hợp tác và gắn bó lâu dài của các đối tác và bạn hàng truyền thống trong và ngoài nước như: Pháp, Nga, Kazakstan, Nhật Bản, Hàn Quốc, Trung Quốc, Đài Loan, Thái Lan, Singapore, Indonesia.. Ngày 16/03/2010, TLH chính thức giao dịch trên Sở Giao dịch Chứng khoán Thành phố Hồ Chí Minh (HOSE).",CT,VNINDEX,,1700,vnstock:VCI,2026-07-19
TMP,Công ty Cổ phần Thủy điện Thác Mơ,HSX,Utilities,True,2009-06-18,Thủy điện Thác Mơ,"Công ty Cổ phần Thủy điện Thác Mơ (TMP), tiền thân là Nhà máy thủy điện Thác Mơ, được thành lập năm 1994. Năm 2006 công ty chuyển sang hoạt động theo mô hình cổ phần. Hoạt động kinh doanh chính của Công ty là sản xuất kinh doanh điện năng (chiếm tỷ trọng trung bình khoảng 97% doanh thu của Thác mơ) bán cho EVN, ngoài ra công ty còn cung cấp các dịch vụ thiết kế và thi công các công trình điện: lắp đặt, sửa chữa thiết bị lưới điện, tư vấn thiết kế công nghệ nhà máy thủy điện và đào tạo đội ngũ vận hành. Nhà máy của Công ty Thủy điện Thác mơ nằm trên địa bàn tỉnh Bình phước có công suất thiết kế là 150 MW (75MW*2 tổ máy) với thiết bị công nghệ sản xuất của Ucrana. Thị trường tiêu thụ điện năng của Công ty chủ yếu là các tỉnh miền Đông Nam Bộ như Bình Phước, Bình Dương, Đắc Nông, Tây Ninh. Ngày 18/06/2009, TMP chính thức giao dịch trên Sở Giao dịch Chứng khoán Thành phố Hồ Chí Minh (HOSE).",CT,VNINDEX,,7500,vnstock:VCI,2026-07-19
TMS,Công ty Cổ phần Transimex,HSX,Industrial Goods & Services,True,2000-08-04,Transimex,"Công ty Cổ phần Transimex (TMS) có tiền thân là Công ty Cổ phần Kho vận Ngoại thương được thành lập năm 1983. Hoạt động kinh doanh chủ yếu của Công ty là chuyên cung cấp dịch vụ đại lý giao nhận và đại lý vận chuyển hàng hoá xuất nhập khẩu bằng đường biển, đường hàng không và đường bộ. Công ty là đại lý hàng đầu của các hãng hàng không quốc tế như Vietnam Airlines, Singapore Airlines, Thai Airways, Vector Aviation. Ngoài ra, công ty là đại lý độc quyền cho hãng tàu Dongjin (Hàn Quốc), khai thác tuyến đường vận chuyển hàng xuất nhập khẩu giữa Việt Nam và các nước Hàn Quốc, Hong Kong, Thái Lan. TMS hiện đang quản lý và vận hành Trung tâm Phân phối Transimex với diện tích 18.000m2 tại khu công nghiệp Sóng Thần 2, Bình Dương, Trung tâm Logistics Transimex Đà Nẵng với diên tích 16.000m2 và Trung tâm Logistics Transimex tại Khu công nghệ cao Thành phố Hồ Chí Minh với diện tích 100,000m2. Ngày 04/08/2000, TMS chính thức giao dịch trên Sở Giao dịch Chứng khoán Thành phố Hồ Chí Minh (HOSE).",CT,VNINDEX,,2700,vnstock:VCI,2026-07-19
TMT,Công ty Cổ phần Ô tô TMT,HSX,Automobiles & Parts,True,2010-01-22,Ô tô TMT,"Công ty Cổ phần Ô tô TMT (TMT), tiền thân là Công ty Vật tư thiết bị Cơ khí Giao thông Vận tải thuộc Cục Cơ khí - Bộ Giao thông Vận tải được thành lập năm 1976. Năm 2006, Công ty chuyển đổi mô hình kinh doanh thành Công ty Cổ phần. Hoạt động kinh doanh chính của TMT là sản xuất, lắp ráp xe gắn máy và xe ô tô tải các loại. Các sản phẩm của công ty đều đạt tiêu chuẩn khí thải EURO II. Trọng tải thiết kế của ô tô tải từ 500 kg đến 15 tấn, trong đó dòng sản phẩm được ưa chuộng là xe tải trọng 2,5 tấn - 7 tấn. Hiện công ty đang có 2 nhà máy sản xuất, đó là Nhà máy ô tô Cửu Long và Nhà máy xe khách, xe buýt TMT tại Hưng Yên. Sản phẩm được phân phối qua hệ thống đại lý độc quyền trên 64 tỉnh thành cả nước. Ngày 22/01/2010, TMT chính thức giao dịch trên Sở Giao dịch Chứng khoán Thành phố Hồ Chí Minh (HOSE).",CT,VNINDEX,,3300,vnstock:VCI,2026-07-19
TN1,Công ty Cổ phần Rox Key Holdings,HSX,Real Estate,True,2019-05-30,Rox Key Holdings,"Công ty Cổ phần Rox Key Holdings (TN1) được thành lập năm 2014. Hoạt động chính của công ty là: Cung cấp các dịch vụ dịch vụ quản lý vận hành tòa nhà văn phòng; Dịch vụ quản lý vận hành chung cư, dịch vụ vận hành quản lý khu nhà ở thấp tần; Dịch vụ bảo trì, bảo dưỡng hệ thống các phòng giao dịch, chi nhánh của ngân hàng; Dịch vụ bảo vệ, dịch vụ vệ sinh công nghiệp cho các tòa nhà, khu đô thị, chung cư cao cấp, khu công nghiệp trên khắp các tỉnh thành. Rox Key Holdings xếp vị trí thứ 3 sau PMC và Savills, với tổng diện tích bất động sản quản lý lên đến 2.100.000m2. Ngày 30/05/2019, chính thức giao dịch trên Sở giao dịch chứng khoán Thành phố Hồ Chí Minh (HOSE).",CT,VNINDEX,,8600,vnstock:VCI,2026-07-19
TNC,Công ty Cổ phần Cao su Thống Nhất,HSX,Chemicals,True,2007-08-22,Cao su Thống Nhất,"Công ty Cổ phần Cao su Thống Nhất (TNC), tiền thân là Công ty Cao su Thống Nhất, được thành lập từ năm 1991 và chuyển đổi sang mô hình công ty cổ phần từ năm 2005. Công ty hoạt động chính trong lĩnh vực trồng, khai thác, chế biến cao su và sơ chế gỗ cao su. Hiện TNC đang quản lý 1.920,12 ha vườn cây cao su tại Đội cao su Phong Phú và Nông trường cao su Hòa Bình 2, trong đó có 948,19 ha diện tích khai thác và 797,67 ha diện tích kiến thiết cơ bản. Ngoài ra, Công ty còn trồng xen canh các loại cây ngắn ngày như chuối, mít, mì nhằm tối ưu hiệu quả sử dụng đất. Về cơ sở chế biến, Công ty sở hữu 01 nhà máy chế biến mủ tờ RSS công suất 1.000 tấn/năm và 01 nhà máy mủ cốm SVR công suất 2.500 tấn/năm. TNC chính thức niêm yết trên Sở Giao dịch Chứng khoán TP. Hồ Chí Minh (HOSE) vào ngày 22/08/2007.",CT,VNINDEX,,1300,vnstock:VCI,2026-07-19
TNH,Công ty Cổ phần Tập đoàn Bệnh viện TNH,HSX,Health Care,True,2021-01-06,Tập đoàn Bệnh viện TNH,"Công ty Cổ phần Tập đoàn Bệnh viện TNH (TNH) được thành lập vào năm 2012. Công ty hoạt động chính trong lĩnh vực quản lý vận hành bệnh viện và cung cấp kinh doanh các dịch vụ khám chữa bệnh, chăm sóc y tế, thiết bị vật tư y tế. TNH trở thành công ty đại chúng từ cuối năm 2019. Công ty hiện đang quản lý và khai thác khám chữa bệnh tại 2 bệnh viện: Bệnh viện Quốc tế Thái Nguyên và Bệnh viện Đa khoa Yên Bình tại Thái Nguyên. Công ty đã ký kết hợp đồng khám chữa bệnh chính thức với Sam Sung Thái Nguyên, nhà máy lớn nhất châu Á của Tập đoàn Samsung có quy mô hơn 180.000 công nhân và cán bộ trong khu công nghiệp. TNH được niêm yết trên Sở Giao dịch Chứng khoán Thành phố Hồ Chí Minh (HOSE) từ tháng 12/2020.",CT,VNINDEX,,4500,vnstock:VCI,2026-07-19
TNI,Công ty Cổ phần Tập đoàn Thành Nam,HSX,Basic Resources,True,2017-05-29,Tập đoàn Thành Nam,"Công ty Cổ phần Tập đoàn Thành Nam (TNI) có tiền thân là Công ty TNHH Xuất Nhập khẩu Thành Nam, được thành lập vào năm 2004. Năm 2009, Công ty chuyển đổi mô hình kinh doanh là Công ty Cổ phần. Công ty hoạt động chính trong lĩnh vực kinh doanh xuất nhập khẩu thép, thép không gỉ và cung cấp dịch vụ gia công cắt tấm, xẻ băng kim loại. TNI là một trong những đơn vị chuyên gia công cắt xẻ kim loại lớn nhất miền Bắc với quy mô gia công cắt xẻ 60.000 tấn/năm và sản xuất 1.200 tấn ống inox/năm. Sản phẩm của Công ty đã xuất khẩu sang hơn 20 quốc gia trong đó các thị trường xuất khẩu chính bao gồm Ấn Độ, Pakistan, Nga, Ukraina, Mỹ, Hàn Quốc. Công ty hiện nay có trụ sở tại Hà Nội và ba chi nhánh tại TP.Hồ Chí Minh, Bình Dương, Hưng Yên, hệ thống kho chứa rộng, thời gian thuê lâu năm, kho lớn nhất của Công ty đặt tại Hưng Yên thuận lợi trong việc vận chuyển hàng nhập của Công ty tại Cảng Hải Phòng. Ngày 29/05/2017, TNI chính thức giao dịch trên Sở Giao dịch Chứng khoán Thành phố Hồ Chí Minh (HOSE).",CT,VNINDEX,,1700,vnstock:VCI,2026-07-19
TNT,Công ty Cổ phần Tập đoàn TNT,HSX,Construction & Materials,True,2010-05-21,Tập đoàn TNT,"Công ty Cổ phần Tập đoàn TNT (TNT), tiền thân là Công ty TNHH Dương Quân, được thành lập từ năm 2006. Năm 2007 công ty chuyển sang hoạt động theo mô hình công ty cổ phần. Hoạt động kinh doanh của công ty gồm hai lĩnh vực chính là khoáng sản và bất động sản. Hiện tại công ty đang thực hiện dự án khai thác quặng chì, kẽm tại tỉnh Điện Biên với công suất 150 tấn quặng nguyên khai/ngày. Sản phẩm của công ty ngoài việc tiêu thụ nội địa còn được xuất khẩu sang Trung Quốc (tỷ trọng 60-70%). Một số dự án lớn mà công ty đã và đang tham gia xây dựng và đầu tư: Dự án khu nhà ở và văn phòng làm việc cao cấp Nhân Chính với diện tích gần 10.000m2, tổng vốn đầu tư trên 1.000 tỷ đồng; Dự án Khu nhà ở Đô thị tại Huyện Gia Lâm với diện tích gần 20ha, tổng vốn đầu tư khoảng 1.500 tỷ đồng... Ngày 21/05/2010, TNT chính thức giao dịch trên Sở Giao dịch Chứng khoán Thành phố Hồ Chí Minh (HOSE).",CT,VNINDEX,,2300,vnstock:VCI,2026-07-19
TPB,Ngân hàng Thương mại Cổ phần Tiên Phong,HSX,Banks,True,2018-04-19,TPBank,"Ngân hàng Thương mại Cổ phần Tiên Phong (TPB) được thành lập vào năm 2008. TPB được thừa hưởng sức mạnh vững chắc từ các cổ đông chiến lược bao gồm Tập đoàn Vàng bạc Đá quý DOJI, Tập đoàn Công nghệ FPT, Tổng Công ty Tái bảo hiểm Quốc gia Việt Nam, Tập đoàn Tài chính SBI Ven Holding Pte.Ltd (Singapore), Công ty Tài chính Quốc tế IFC (trực thuộc World Bank) và quỹ đầu tư PYN Elite Fund. TPBank là ngân hàng đầu tiên tại Việt Nam đáp ứng đồng thời Basel III và IFRS 9 trong năm 2021. Tổ chức xếp hạng tín nhiệm quốc tế Moody’s duy trì xếp hạng tín nhiệm B1, chỉ số tín nhiệm BCA và nâng cao triển vọng tín nhiệm từ “ổn định” lên mức “tích cực” - mức đánh giá thuộc nhóm cao nhất trong hệ thống ngân hàng Việt Nam. Năm 2025, so với cùng kỳ, biên lãi thuần (NIM) ở mức 3.21%, giảm 0.35%. Tỷ lệ nợ xấu ở mức 6.41%, tăng 4.01%. Tỷ lệ bao phủ nợ xấu ở mức 49.97%, giảm 18.46%. Lợi nhuận sau thuế công ty mẹ có giá trị bằng 5,9 nghìn tỷ đồng, giảm 41.12%. Tỷ suất lợi nhuận trên vốn chủ sở hữu (ROE) ở mức 10.34%, giảm 9.69%. TPB được niêm yết và giao dịch trên Sở Giao dịch Chứng khoán Thành phố Hồ Chí Minh (HOSE) từ năm 2018.",NH,VNINDEX,,8300,vnstock:VCI,2026-07-19
TPC,Công ty Cổ phần Nhựa Tân Đại Hưng,HSX,Chemicals,True,2007-11-28,Nhựa Tân Đại Hưng,"Công ty Cổ phần Nhựa Tân Đại Hưng (TPC), tiền thân là Công ty Nhựa Tân Đại Hưng, được thành lập từ năm 1984. Năm 2001, Công ty chuyển đổi mô hình kinh doanh thành Công ty Cổ phần. Sản phẩm chủ yếu của Tân Đại Hưng là bao bì dệt PP (polypropylene) và PE (polyethylene) được sử dụng chứa đựng gạo, phân bón, thức ăn gia súc, các sản phẩm nông nghiệp; gồm nhiều chủng loại: bao shopping ghép màng in BOPP, bao PP có lồng bao PE lót bên trong, bao PP in 2 mặt (7 màu), bao Raschel, bao Leno, bao hộp lớn, vải địa chất, vải phủ nông nghiệp, vải hàng rào. Khoảng 70% sản phẩm của công ty được xuất khẩu sang EU, Mỹ, Canada và các nước Châu Á khác. Tại thị trường trong nước, sản phẩm của công ty chủ yếu được phân phối tại các tỉnh miền Nam, Đông Nam Bộ. TPC là nhà phân phối bao bì PP lớn nhất cho các công ty xuất nhập khẩu gạo tại cảng Sài Gòn. Công suất sản xuất hàng năm bình quân 8.000 tấn thành phẩm mỗi năm. Ngày 28/11/2007, TPC chính thức giao dịch trên Sở Giao dịch Chứng khoán Thàng phố Hồ Chí Minh (HOSE).",CT,VNINDEX,,1300,vnstock:VCI,2026-07-19
TRA,Công ty Cổ phần Traphaco,HSX,Health Care,True,2008-11-26,Traphaco,"Công ty Cổ phần Traphaco (TRA), tiền thân là Tổ sản xuất thuốc thuộc Ty Y tế Đường sắt được thành lập vào năm 1971. TRA chính thức hoạt động theo mô hình công ty cổ phần từ năm 1999. Công ty chuyên sản xuất kinh doanh đông dược, hóa chất và vật tư thiết bị y tế. Là doanh nghiệp sản xuất đông dược lớn nhất Việt Nam, TRA hiện sở hữu 5 vùng dược liệu đạt tiêu chuẩn GACP-WHO, quản lý vận hành 1 nhà máy chiết xuất dược liệu và 3 nhà máy sản xuất đạt tiêu chuẩn GPs-WHO. TRA có doanh thu đứng top 5 trong số các doanh nghiệp sản xuất thuốc trong nước. Ngày 26/11/2008, TRA chính thức giao dịch trên Sở Giao dịch Chứng khoán Thành phố Hồ Chí Minh (HOSE).",CT,VNINDEX,,4500,vnstock:VCI,2026-07-19
TRC,Công ty Cổ phần Cao su Tây Ninh,HSX,Chemicals,True,2007-07-24,Cao su Tây Ninh,"Công ty cổ phần Cao su Tây Ninh tiền thân là đồn điền cao su của Pháp. Ngày 28/12/2006 công ty chính thức hoạt động theo mô hình cổ phần với số vốn điều lệ là 300 tỷ đồng. Hoạt động kinh doanh chính của Công ty là trồng, khai thác, chế biến cao su nguyên liệu và tiêu thụ sản phẩm. Hiện nay Công ty đang sở hữu hơn 7.000 ha cao su, hai nhà máy chế biến mủ cốm và hai dây chuyền chế biến mủ ly tâm với máy móc và thiết bị hiện đại. Sản phẩm cao su của Công ty đã đạt chất cao theo tiêu chuẩn quốc tế. Sản lượng tiêu thụ của Công ty được xuất sang các thị trường Indonesia, Singapore, Hàn quốc, Mỹ, Trung quốc, Thổ nhĩ kỳ. TRC chính thức được niêm yết và giao dịch tại Sở Giao dịch Chứng khoán Thành phố Hồ Chí Minh (HOSE) từ năm 2007.",CT,VNINDEX,,1300,vnstock:VCI,2026-07-19
TSA,Công ty Cổ Phần Đầu Tư Và Xây Lắp Trường Sơn,HSX,Construction & Materials,True,2024-06-25,Đầu Tư Và Xây Lắp Trường Sơn,"Công ty Cổ phần Đầu tư và Xây lắp Trường Sơn (TSA) được thành lập vào ngày 29/08/2002, với tiền thân là Công ty Xây lắp Trường Sơn. Công ty hoạt động trong lĩnh vực thi công, xây lắp các công trình điện và sản xuất các sản phẩm từ bê tông. TSA hoạt động trải dài từ Bắc vào Nam trên lãnh thổ Việt Nam và tập trung trọng điểm ở khu vực phía Bắc với nhiều công trình lớn như: Dự án Đường dây 110kV Bá Thiện- Khai Quang; Dự án Đường dây 500kV Sông Hậu- Đức Hoà; Dự án cấp điện lưới Quốc gia cho Đảo Rều, thành phố Cẩm Phả, tỉnh Quảng Ninh, … Ngày 07/01/2026, TSA chính thức giao dịch trên Sở giao dịch Chứng khoán Thành phố Hồ Chí Minh (HOSE).",CT,VNINDEX,,2300,vnstock:VCI,2026-07-19
TSC,Công ty Cổ phần Vật tư Kỹ thuật Nông nghiệp Cần Thơ,HSX,Chemicals,True,2007-10-04,Kỹ thuật NN Cần Thơ,"Công ty Cổ phần Vật tư Kỹ thuật Nông nghiệp Cần Thơ (TSC) có tiền thân là Công ty Vật tư Nông nghiệp Hậu Giang được thành lập vào năm 1976. Công ty hoạt động trong lĩnh vực kinh doanh cung ứng vật tư nông nghiệp, giống cây trồng, sản xuất chế biến xuất khẩu rau quả đóng hộp. TSC chính thức hoạt động theo mô hình công ty cổ phần từ năm 2003. Sản phẩm phân bón nhập khẩu từ các nhà phân bón hàng đầu trên thế giới như Agrosin, Mosaic, Yara Asia, Transammonia AG, Mitsubishi Corp và được phân phối trên khắp các tỉnh Đồng bằng Sông Cửu Long, miền Đông Nam Bộ và Tây Nguyên. Bên cạnh đó, Công ty còn tham gia kinh doanh phân phối ngành hàng tiêu dùng, các mặt hàng nước giải khát và các sản phẩm chăm sóc gia đình và cá nhân thông qua các mạng lưới các công ty con và công ty liên kết. TSC được niêm yết và giao dịch trên Sở Giao dịch Chứng khoán Thành phố Hồ Chí Minh (HOSE) từ năm 2007.",CT,VNINDEX,,1300,vnstock:VCI,2026-07-19
TTA,Công ty Cổ phần Đầu tư Xây dựng và Phát triển Trường Thành,HSX,Utilities,True,2020-09-18,XD và PT Trường Thành,"Công ty Cổ phần Đầu tư Xây dựng và Phát triển Trường Thành (TTA) được thành lập vào năm 2008. Công ty hoạt động trong lĩnh vực đầu tư phát triển các dự án điện năng, sản xuất và kinh doanh điện năng. TTA trở thành công ty đại chúng từ tháng 07/2020. Công ty hiện sở hữu 03 nhà máy đang phát điện thương mại, bao gồm: Nhà máy thuỷ điện Ngòi Hút 2 với công suất 48MW, nhà máy thuỷ điện Ngòi hút 2A với công suất 8.4MW và nhà máy điện mặt trời hồ Bầu Ngứ với công suất 62MWp. TTA được niêm yết trên Sở Giao dịch Chứng khoán Thành phố Hồ Chí Minh (HOSE) từ tháng 08/2020.",CT,VNINDEX,,7500,vnstock:VCI,2026-07-19
TTE,Công ty Cổ phần Đầu tư Năng lượng Trường Thịnh,HSX,Utilities,True,2018-12-10,ĐT Năng lượng Trường Thịnh,"Công ty Cổ phần Đầu tư Năng lượng Trường Thịnh (TTE) tiền thân là Nhà máy Thủy điện Đăk Ne và được tách ra từ Công ty Cổ phần Tấn Phát, được thành lập năm 2014. Công ty hoạt động trong lĩnh vực sản xuất, truyền tải và phân phối điện với tổng sản lượng điện bình quân hàng năm khoảng 176,6 triệu kwh. TTE hiện đang trực tiếp vận hành 4 nhà máy thủy điện: Nhà máy thủy điện Đăk Ne, Nhà máy thủy điện Tà Vi, Nhà máy thủy điện Đăk Pia và Nhà máy thủy điện Đăk Bla1. Tổng công suất phát điện của các nhà máy đạt 28,3 MW/h. Khu vực hoạt động chính của công ty là 2 tỉnh Kon Tum và Quảng Nam. Cổ phiếu TTE chính thức giao dịch trên sàn HOSE vào ngày 10/12/2018.",CT,VNINDEX,,7500,vnstock:VCI,2026-07-19
TTF,Công ty Cổ phần Tập đoàn Kỹ nghệ Gỗ Trường Thành,HSX,Basic Resources,True,2008-02-18,Gỗ Trường Thành,"Công ty Cổ phần Tập đoàn Kỹ nghệ Gỗ Trường Thành (TTF) tiền thân là Công ty TNHH Kỹ nghệ Gỗ Trường Thành thành lập năm 2000 và chuyển thành công ty cổ phần năm 2003. Lĩnh vực kinh doanh chính của công ty là sản xuất và kinh doanh các sản phẩm từ gỗ. Sản phẩm chính của công ty được chia thành 4 nhóm sản phẩm: đồ gỗ nội thất, đồ gỗ ngoại thất, ván sàn gỗ và các sản phẩm khác như gỗ xẻ S4S, các chi tiết nhỏ bằng gỗ. Gỗ Trường Thành xuất khẩu khoảng 85% sản lượng sản phẩm gỗ đến hơn 30 quốc gia trên toàn thế giới, cụ thể là Châu Âu (Anh, Pháp, Ý, Hà Lan, Tây Ban Nha), Nhật Bản, Hoa Kỳ, Úc. Đối với thị trường trong nước,công ty duy trì được mạng lưới Đại lý cấp 1 và cửa hàng tự doanh tại Đà Nẵng, Nha Trang, Buôn Ma Thuột, Đà Lạt, Thành phố Hồ Chí Minh, Bình Dương, Bình Phước, Vũng Tàu và Long Xuyên. Ngày 18/02/2008, TTF chính thức giao dịch trên Sở Giao dịch Chứng khoán Thành phố Hồ Chí Minh (HOSE).",CT,VNINDEX,,1700,vnstock:VCI,2026-07-19
TV2,Công ty Cổ phần Tư vấn Xây dựng Điện 2,HSX,Industrial Goods & Services,True,2009-10-13,Tư vấn XD Điện 2,"Công ty Cổ phần Tư vấn Xây dựng Điện 2 (TV2), tiền thân là Công ty Khảo sát Thiết kế Điện 2, được thành lập năm 1985. Năm 2007, Cổ phần hóa và lấy tên là Công ty Cổ phần Tư vấn Xây dựng Điện 2. Hoạt động chính của công ty là tư vấn xây dựng điện; xây dựng công trình kỹ thuật dân dụng; kinh doanh bán buôn vật liệu, thiết bị lắp đặt trong xây dựng..., kinh doanh bất động sản; sản xuất truyền tải điện. Công ty Cổ phần Tư vấn Xây dựng Điện 2 là một trong bốn Công ty tư vấn điện hàng đầu của Việt Nam, chuyên khảo sát thiết kế lập dự án đầu tư xây dựng phát triển điện. Với lợi thế hơn 30 năm hoạt động trong lĩnh vực khảo sát thiết kế và giám sát xây dựng các công trình nguồn và lưới điện. Nhắc đến TV2, Công ty gắn liền với hàng chục công trình nguồn điện và hàng trăm công trình lưới điện đã được đưa vào vận hành. Các công trình tiêu biểu như: Thủy điện Trị An, Thác Mơ, Cà Mau, Nhơn Trạch, Sơn Mỹ, Đường dây 500kV Phú Mỹ - Nhà Bè - Phú Lâm, 500kV Bắc Nam mạch 1 & 2...Ngày 06/06/2019, TV2 chính thức giao dịch trên Sở Giao dịch chứng khoán Thành phố Hồ Chí Minh.",CT,VNINDEX,,2700,vnstock:VCI,2026-07-19
TVB,Công ty Cổ phần Chứng khoán T-Cap,HSX,Financial Services,True,2015-06-18,Chứng khoán T-Cap,"Công ty Cổ phần Chứng khoán T-Cap (TVB) có tiền thân là Công ty Cổ phần Chứng khoán Thái Bình Dương được thành lập vào năm 2006. Công ty hoạt động trong lĩnh vực môi giới, lưu ký chứng khoán, tư vấn đầu tư, và các dịch vụ chứng khoán liên quan. TVB trở thành công ty đại chúng từ năm 2015. Năm 2025, Doanh thu nghiệp vụ môi giới chứng khoán có giá trị bằng 1,16 tỷ đồng, giảm 43.71% so với cùng kỳ. Nợ vay ký quỹ/Vốn chủ sở hữu ở mức 0.41%, tăng 0.01%. Lợi nhuận trước thuế có giá trị bằng 19,97 tỷ đồng. Tỷ lệ sinh lời trên vốn chủ sở hữu (ROE) ở mức 1.84%, giảm 9.98%. TVB được niêm yết và giao dịch trên Sở Giao dịch Chứng khoán Thành phố Hồ Chí Minh (HOSE) từ tháng 06/2018.",CK,VNINDEX,,8700,vnstock:VCI,2026-07-19
TVS,Công ty Cổ phần Chứng khoán Thiên Việt,HSX,Financial Services,True,2015-01-15,Chứng khoán Thiên Việt,"Công ty Cổ phần chứng khoán Thiên Việt (TVS) được thành lập năm 2007 với vốn điều lệ ban đầu là 43 tỷ đồng. Công ty chuyên cung cấp dịch vụ tư vấn tài chính, đầu tư chứng khoán, dịch vụ ngân hàng đầu tư và môi giới chứng khoán. Năm 2025, Doanh thu nghiệp vụ môi giới chứng khoán có giá trị bằng 21,16 tỷ đồng, giảm 6.04% so với cùng kỳ. Nợ vay ký quỹ/Vốn chủ sở hữu ở mức 15.22%, giảm 2.6%. Lợi nhuận trước thuế đạt 353,09 tỷ đồng, tăng 2.7%. Tỷ lệ sinh lời trên vốn chủ sở hữu (ROE) ở mức 10.87%, giảm 1.94%. Ngày 15/01/2015, TVS chính thức giao dịch tại Sở Giao dịch Chứng khoán Thành phố Hồ Chí Minh (HOSE).",CK,VNINDEX,,8700,vnstock:VCI,2026-07-19
TVT,Tổng Công ty Việt Thắng - CTCP,HSX,Personal & Household Goods,True,2017-07-17,May Việt Thắng,"Tổng Công ty Việt Thắng - Công ty Cổ phần (TVT), tiền thân là Việt Mỹ Kỹ nghệ Dệt Sợi Công ty (VIMYTEX), được thành lập vào năm 1962. Năm 2007, TVT chuyển đổi mô hình kinh doanh sang Công ty Cổ phần. Lĩnh vực kinh doanh chính của Công ty là: Sản xuất, kinh doanh sản phẩm vải, sợi vải, bông và sản phẩm may mặc. Ở thị trường nội địa công ty chủ yếu kinh doanh sản phẩm vải và sợi, còn sản phẩm xuất khẩu chủ yếu là hàng may mặc. TVT đang quản lý vận hành Nhà máy Sợi 1 với 65.000 cọc sợi có công suất 8.000 tấn sợi/năm, Nhà máy Sợi 2 với 28.800 cọc sợi với công suất 4.000 tấn sợi/năm, Nhà máy Dệt 1 với công suất 25 triệu mét vải/năm và Nhà máy Dệt 2 với công suất 22 triệu mét vải/năm. Ngày 17/07/2017, TVT chính thức giao dịch trên Sở Giao dịch Chứng khoán Thành phố Hồ Chí Minh (HOSE);",CT,VNINDEX,,3700,vnstock:VCI,2026-07-19
TYA,Công ty Cổ phần Dây và Cáp điện Taya Việt Nam,HSX,Industrial Goods & Services,True,2006-02-15,Dây và Cáp điện Taya,"Công ty Cổ phần Dây và Cáp điện Taya Việt Nam (TYA) là doanh nghiệp 100 % vốn nước ngoài thành lập năm 1992. Hoạt động kinh doanh chính của công ty là sản xuất và kinh doanh các loại dây và cáp điện. Sản phẩm của công ty chủ yếu là các loại cáp điện cao thế, hạ thế, trung thế, cáp chịu nhiệt và chống cháy. TYA hiện đang vận hành 2 nhà máy sản xuất dây cáp, 1 ở Khu công nghiệp Biên Hòa II, 1 ở tỉnh Hải Dương. Thị trường của công ty chủ yếu tiêu thụ nội địa, tại các tỉnh phía Nam từ Đà Nẵng trở vào sẽ được trụ sở chính của công ty phụ trách kinh doanh, thị trường phía Bắc do chi nhánh tại Hải Dương phụ trách. Ngày 15/02/2006, TYA chính thức giao dịch tại Sở Giao dịch Chứng khoán Thành phố Hồ Chí Minh (HOSE)",CT,VNINDEX,,2700,vnstock:VCI,2026-07-19
UIC,Công ty Cổ phần Đầu tư Phát triển Nhà và Đô thị IDICO,HSX,Utilities,True,2007-11-12,Phát triển Nhà và Đô thị IDICO,"Công ty Cổ phần Đầu tư Phát triển Nhà và Đô thị IDICO (UIC), tiền thân là Xí nghiệp Xây dựng Sản xuất và Kinh doanh Vật liệu Xây dựng thành lập vào năm 2000. Năm 2005, công ty chuyển đổi sang hình thức công ty cổ phần. Công ty hoạt động chủ yếu trong lĩnh vực kinh doanh phân phối điện, thiết kế thi công các công trình điện và xây dựng công trình dân dụng, khu công nghiệp và cơ sở hạ tầng. IDICO - UDICO là đơn vị cung cấp điện an toàn, ổn định cho các khu công nghiệp Nhơn Trạch I, II, III, V... Một số dự án tiêu biểu mà UIC tham gia khởi công xây dựng như: Dự án Khu Công nghiệp Sơn Mỹ II- Bình Thuận quy mô 1.225ha, Dự án Khu Công nghiệp Lộc An - Bình Sơn tổng diện tích 500ha, Khu nhà ở Công nhân tại Xã Hiệp Phước...Ngày 12/11/2007, UIC chính thức giao dịch trên Sở Giao dịch Chứng khoán Thành phố Hồ Chí Minh (HOSE).",CT,VNINDEX,,7500,vnstock:VCI,2026-07-19
VAB,Ngân hàng Thương mại Cổ phần Việt Á,HSX,Banks,True,2021-07-20,Ngân hàng Việt Á,"Ngân hàng Thương mại Cổ phần Việt Á (Viet A Bank) được thành lập ngày 2003/04/07 trên cơ sở hợp nhất Công ty Cổ phần Tài chính Sài Gòn và Ngân hàng Thương mại Cổ phần Nông thôn Đà Nẵng. Có trụ sở tại Hà Nội, ngân hàng đã mở rộng mạng lưới của mình đến 97 chi nhánh và điểm giao dịch trên khắp Việt Nam, chủ yếu ở miền Nam, đặc biệt là thành phố Hồ Chí Minh, tập trung chủ yếu vào hoạt động ngân hàng bán lẻ. Khách hàng mục tiêu của ngân hàng là các doanh nghiệp nhỏ chuyên kinh doanh, xuất nhập khẩu và sản xuất. Năm 2025, so với cùng kỳ, biên lãi thuần (NIM) ở mức 2.78%, tăng 0.6%. Tỷ lệ nợ xấu ở mức 1.31%, giảm 0.05%. Tỷ lệ bao phủ nợ xấu ở mức 91.17%, tăng 21.66%. Lợi nhuận sau thuế công ty mẹ có giá trị bằng 1,3 nghìn tỷ đồng, tăng 52.24%. Tỷ suất lợi nhuận trên vốn chủ sở hữu (ROE) ở mức 13.89%, tăng 3.6%. Ngày 22/07/2025, VAB chính thức giao dịch trên Sở Giao dịch Chứng khoán Thành phố Hồ Chí Minh (HOSE).",NH,VNINDEX,,8300,vnstock:VCI,2026-07-19
VBB,Ngân hàng Thương mại Cổ phần Việt Nam Thương Tín,HSX,Banks,True,2019-07-30,VietBank,"Ngân hàng Thương mại Cổ phần Việt Nam Thương Tín (VietBank) được thành lập vào năm 2006. Ngân hàng hoạt động trong lĩnh vực huy động vốn, cho vay, cung cấp các dịch vụ ngân hàng liên quan. VietBank trở thành công ty đại chúng từ năm 2016. VietBank được giao dịch trên thị trường UPCOM từ cuối tháng 07/2019. Năm 2025, so với cùng kỳ, biên lãi thuần (NIM) ở mức 1.91%, giảm 0.01%. Tỷ lệ nợ xấu ở mức 2.92%, tăng 0.16%. Tỷ lệ bao phủ nợ xấu ở mức 47.63%, tăng 3.27%. Lợi nhuận sau thuế công ty mẹ có giá trị bằng 1,2 nghìn tỷ đồng, tăng 34.26%. Tỷ suất lợi nhuận trên vốn chủ sở hữu (ROE) ở mức 11.45%, giảm 0.11%. Ngày 14/07/2026, VBB chính thức giao dịch trên Sở giao dịch Chứng khoán Thành phố Hồ Chí Minh (HOSE).",NH,VNINDEX,,8300,vnstock:VCI,2026-07-19
VCA,Công ty Cổ phần Thép VICASA,HSX,Basic Resources,True,2011-02-21,Thép VICASA,"Công ty Cổ phần Thép VICASA - VNSTEEL (VCA) có tiền thân là Công ty VICASA được thành lập vào năm 1964. Công ty hoạt động chính trong lĩnh vực sản xuất, kinh doanh sản phẩm thép cán và phôi thép. Công ty chính thức hoạt động theo mô hình công ty cổ phần từ năm 2007. Công ty hiện có năng lực sản xuất 180.000 tấn phôi thép/năm và 150.000 tấn thép cán/năm. Địa bàn kinh doanh chính của Công ty là thành phố Hồ Chí Minh, Bà Rịa - Vũng Tàu, Nha Trang và Cần Thơ. VCA được niêm yết trên Sở Giao dịch Chứng khoán Thành phố Hồ Chí Minh (HOSE) từ tháng 12/2020.",CT,VNINDEX,,1700,vnstock:VCI,2026-07-19
VCB,Ngân hàng Thương mại Cổ phần Ngoại thương Việt Nam,HSX,Banks,True,2009-06-30,Vietcombank,"Ngân hàng Thương mại Cổ phần Ngoại thương Việt Nam (Vietcombank) chính thức đi vào hoạt động ngày 01/04/1963. Là ngân hàng thương mại nhà nước đầu tiên được Chính phủ lựa chọn thực hiện thí điểm cổ phần hoá, Ngân hàng Ngoại thương Việt Nam chính thức hoạt động với tư cách là một Ngân hàng Thương mại Cổ phần từ ngày 02/06/2008 sau khi thực hiện thành công kế hoạch cổ phần hóa thông qua việc phát hành cổ phiếu lần đầu ra công chúng. Năm 2025, so với cùng kỳ, biên lãi thuần (NIM) ở mức 2.63%, giảm 0.23%. Tỷ lệ nợ xấu ở mức 0.58%, giảm 0.39%. Tỷ lệ bao phủ nợ xấu ở mức 258.29%, tăng 34.98%. Lợi nhuận sau thuế công ty mẹ có giá trị bằng 35,2 nghìn tỷ đồng, tăng 3.98%. Tỷ suất lợi nhuận trên vốn chủ sở hữu (ROE) ở mức 16.73%, giảm 2.01%. VCB chính thức niêm yết và giao dịch trên Sở Giao dịch Chứng khoán Thành phố Hồ Chí Minh từ năm 2009.",NH,VNINDEX,,8300,vnstock:VCI,2026-07-19
VCF,Công ty Cổ phần VinaCafé Biên Hòa,HSX,Food & Beverage,True,2011-01-28,VinaCafé Biên Hòa,"Công ty Cổ phần Vinacafé Biên Hòa (VCF) tiền thân là Nhà máy Cà phê Coronel sau đổi tên thành Nhà máy Cà phê Biên Hòa (Nhà máy chế biến cà phê hòa tan đầu tiên trong toàn khu vực các nước Đông Dương) được thành lập năm 1969. Năm 2004 Nhà máy chuyển đổi loại hình doanh nghiệp từ doanh nghiệp Nhà nước sang mô hình công ty cổ phần. Hoạt động chính của Công ty là sản xuất chế biến các sản phẩm mang thương hiệu Vinacafé như: cà phê rang xay, cà phê hòa tan, cà phê sữa, ngũ cốc dinh dưỡng... Trong đó nhóm cà phê sữa 3 trong 1 là sản phẩm chủ lực của Công ty, chiếm thị phần lớn nhất so với các đối thủ cạnh tranh. Ngày 28/01/2011, VCF chính thức giao dịch trên sàn Giao dịch chứng khoán thành phố Hồ Chí Minh.",CT,VNINDEX,,3500,vnstock:VCI,2026-07-19
VCG,Tổng Công ty Cổ phần Xuất nhập khẩu và Xây dựng Việt Nam,HSX,Construction & Materials,True,2008-09-05,VINACONEX,"Tổng Công ty Cổ phần Xuất nhập khẩu và Xây dựng Việt Nam (VCG) tiền thân là Công ty Dịch vụ và Xây dựng nước ngoài, được thành lập năm 1988 theo Quyết định số 1118 BXD/TCLĐ của Bộ Xây dựng. Năm 2006, Công ty thực hiện cổ phần hóa với số vốn điều lệ ban đầu là 1.500 tỷ đồng. Lĩnh vực hoạt động kinh doanh chính của công ty là: Xây dựng các công trình dân dụng, công nghiệp, giao thông, thuỷ lợi, các công trình thuỷ điện; Sản xuất vật liệu xây dựng; Đầu tư và kinh doanh bất động sản Công ty là một trong những nhà thầu hàng đầu trong lĩnh vực xây lắp. Vinaconex là một trong những doanh nghiệp hoạt động trong lĩnh vực xây lắp có mức vốn hóa thị trường cao nhất. Công ty có lợi thế vừa là nhà thầu vừa là đơn vị trực tiếp thi công. Các công trình trọng điểm quốc gia công ty đã tham gia như công trình thủy điện Buôn Tur Srah, thủy điện Buôn Kuốp, thủy điện Cửa Đạt, dự án nhà ga T2 – cảng hàng không Nội Bài, Cầu Nhật Tân, Trung tâm Hội nghị Quốc Gia, Bảo tàng Hà Nội, đường cao tốc Láng Hòa Lạc...VCG được niêm yết trên Sở Giao dịch Chứng khoán Thành phố Hồ Chí Minh (HOSE) từ tháng 12/2020.",CT,VNINDEX,,2300,vnstock:VCI,2026-07-19
VCI,Công ty Cổ phần Chứng khoán Vietcap,HSX,Financial Services,True,2017-07-07,Chứng khoán Vietcap,"Công ty Cổ phần Chứng khoán Vietcap (VCI), tiền thân là Công ty Cổ phần Chứng khoán Bản Việt, được thành lập và chính thức hoạt động vào năm 2007. Công ty hoạt động chính trong lĩnh vực dịch vụ môi giới chứng khoán, ngân hàng đầu tư và dịch vụ nghiên cứu chứng khoán. Năm 2025, Doanh thu nghiệp vụ môi giới chứng khoán có giá trị bằng 1.000,21 tỷ đồng, tăng 37.09% so với cùng kỳ. Nợ vay ký quỹ/Vốn chủ sở hữu ở mức 88.97%, tăng 3.18%. Lợi nhuận trước thuế có giá trị bằng 1.629,22 tỷ đồng, tăng 49.56%. Tỷ lệ sinh lời trên vốn chủ sở hữu (ROE) ở mức 8.67%, giảm 0.29%. VCI được niêm yết và giao dịch trên Sở Giao dịch Chứng khoán Thành phố Hồ Chí Minh (HOSE) từ năm 2017.",CK,VNINDEX,,8700,vnstock:VCI,2026-07-19
VCK,Công ty Cổ phần Chứng Khoán VPS,HSX,Financial Services,True,2025-12-16,Chứng Khoán VPS,"Công ty Cổ phần Chứng khoán VPS (VCK), tiền thân là Công ty TNHH Chứng khoán Ngân hàng TMCP các doanh nghiệp ngoài Quốc doanh Việt Nam, được thành lập vào năm 2006. Các lĩnh vực kinh doanh chính của công ty bao gồm: dịch vụ ngân hàng đầu tư, môi giới chứng khoán, tự doanh. Với hoạt động cốt lõi là ngân hàng đầu tư, VCK cung cấp một loạt các dịch vụ tư vấn chuyên nghiệp về vốn chủ sở hữu, vốn nợ thị trường, sáp nhập và mua lại (M&A) và tái cơ cấu công ty. VCK hiện tại là công ty môi giới chứng khoán có thị phần lớn nhất về môi giới cổ phiếu, chứng chỉ quỹ và chứng quyền tại sàn HOSE, HNX và cả thị trường Upcom. Năm 2025, Doanh thu nghiệp vụ môi giới chứng khoán có giá trị bằng 3.770,45 tỷ đồng, tăng 18.32% so với cùng kỳ. Nợ vay ký quỹ/Vốn chủ sở hữu ở mức 76.59%, giảm 30.86%. Lợi nhuận trước thuế có giá trị bằng 4.471,41 tỷ đồng, tăng 41.78%. Tỷ lệ sinh lời trên vốn chủ sở hữu (ROE) ở mức 17.81%, giảm 6.94%. Ngày 16/12/2025, VCK chính thức giao dịch trên Sở giao dịch Chứng khoán Thành phố Hồ Chí Minh (HOSE).",CK,VNINDEX,,8700,vnstock:VCI,2026-07-19
VDP,Công ty Cổ phần Dược phẩm Trung ương VIDIPHA,HSX,Health Care,True,2017-08-15,Dược phẩm VIDIPHA,"Công ty Cổ phần Dược phẩm Trung ương VIDIPHA (VDP) được thành lập vào năm 2003 trên cơ sở cổ phần hóa Công ty Phát triển Kỹ nghệ Dược Trung ương. Công ty hoạt động chính trong lĩnh vực sản xuất, kinh doanh, xuất nhập khẩu dược phẩm, dược liệu. Vidipha là một trong những doanh nghiệp dược đầu tiên của Việt Nam đạt tiêu chuẩn GMP-ASEAN. Trong thời gian qua Công ty đã đầu tư xây dựng nhà máy hiện đại đạt tiêu chuẩn GMP-WHO tại tỉnh Bình Dương với 10 dây chuyền sản xuất thuốc. Với tổng diện tích 2100 m2, trụ sở chính của Công ty là nơi đặt văn phòng làm việc và kho thuốc thành phẩm. VDP hiện sản xuất hơn 300 mặt hàng thuốc, phân thành 04 nhóm chính, bao gồm nhóm thuốc viên, nhóm thuốc nước, nhóm thuốc bột và nhóm thuốc mỡ. Công ty đã xây dựng hệ thống phân phối tập trung chủ yếu ở thành phố Hồ Chí Minh và Hà Nội. Ngày 15/08/2017, VDP chính thức giao dịch trên Sở Giao dịch Chứng khoán Thành phố Hồ Chí Minh (HOSE).",CT,VNINDEX,,4500,vnstock:VCI,2026-07-19
VDS,Công ty Cổ phần Chứng khoán Rồng Việt,HSX,Financial Services,True,2010-05-25,Chứng khoán Rồng Việt,"Công ty Cổ phần Chứng khoán Rồng Việt (VDS) được thành lập năm 2006. Công ty hoạt động trong lĩnh vực cung cấp dịch vụ môi giới chứng khoán, lưu ký chứng khoán, tư vấn tài chính và đầu tư chứng khoán, bảo lãnh phát hành chứng khoán và tự doanh. Năm 2025, Doanh thu nghiệp vụ môi giới chứng khoán có giá trị bằng 215,02 tỷ đồng, tăng 14.37% so với cùng kỳ. Nợ vay ký quỹ/Vốn chủ sở hữu ở mức 124.29%, tăng 32.75%. Lợi nhuận trước thuế có giá trị bằng 346,79 tỷ đồng, giảm 2.49%. Tỷ lệ sinh lời trên vốn chủ sở hữu (ROE) ở mức 9.78%, giảm 1.5%. VDS được niêm yết và giao dịch trên Sở Giao dịch Chứng khoán Thành phố Hồ Chí Minh (HOSE) vào năm 2017.",CK,VNINDEX,,8700,vnstock:VCI,2026-07-19
VFG,Công ty Cổ phần Khử trùng Việt Nam,HSX,Chemicals,True,2009-12-17,Khử trùng Việt Nam,"Công ty Cổ phần Khử trùng Việt Nam (VFG) có tiền thân Công ty Khử trùng Việt Nam được thành lập vào năm 1993. Công ty hoạt động chính trong lĩnh vực sản xuất, mua bán các loại nông dược, giống cây trồng, cung cấp dịch vụ khử trùng, kiểm soát dịch hại, vệ sinh môi trường. VFG trở thành công ty đại chúng từ năm 2007. Công ty giữ vị thế số 1 với khoảng 60% thị phần trong ngành khử trùng và chiếm khoảng 7-8% thị phần tại thị trường nông dược Việt Nam. Bên cạnh đó, Công ty còn cung cấp dịch vụ cho thuê văn phòng. VFG được niêm yết và giao dịch trên Sở Giao dịch Chứng khoán Thành phố Hồ Chí Minh (HOSE) từ năm 2009.",CT,VNINDEX,,1300,vnstock:VCI,2026-07-19
VGC,Tổng Công ty Viglacera - Công ty Cổ phần,HSX,Construction & Materials,True,2015-10-15,Tổng Công ty Viglacera,"Tổng Công ty Viglacera (VGC) có tiền thân là Công ty Gạch ngói Sành sứ Xây Dựng, được thành lập vào năm 1974. VGC chính thức hoạt động dưới hình thức công ty cổ phần vào ngày 22/07/2014. Hoạt động kinh doanh chủ yếu của công ty gồm: (i) Đầu tư, xây dựng, kinh doanh phát triển nhà ở, bất động sản; và (ii) Sản xuất và kinh doanh vật liệu xây dựng (cụ thể là: kính xây dựng, gạch ốp lát, sứ vệ sinh, sản phẩm đất sét nung). Công ty đã và đang triển khai 1.327 ha diện tích khu công nghiệp và dịch vụ, gồm 4 khu công nghiệp ở tỉnh Bắc Ninh và khu công nghiệp Phú Hà ở Phú Thọ. Ở mảng nhà ở thu nhập thấp, VIGLACERA tiên phong chuyển đổi dự án và là đơn vị đầu tiên được hỗ trợ từ gói 30.000 tỷ đồng của Chính phủ. Ngày 29/05/2019, VGC chính thức giao dịch trên sàn giao dịch chứng khoán Thành phố Hồ Chí Minh (HOSE).",CT,VNINDEX,,2300,vnstock:VCI,2026-07-19
VHC,Công ty Cổ phần Vĩnh Hoàn,HSX,Food & Beverage,True,2007-12-24,Thủy sản Vĩnh Hoàn,"Công ty Cổ phần Vĩnh Hoàn (VHC), có tiền thân là Doanh nghiệp tư nhân Vĩnh Hoàn được thành lập vào năm 1997. Năm 2007, VHC chính thức chuyển đổi mô hình kinh doanh sang Công ty Cổ phần Vĩnh Hoàn. Công ty hoạt động trong lĩnh vực nuôi trồng, chế biến xuất khẩu cá Tra, Basa đông lạnh với các sản phẩm chính là cá tra, basa, lóc, rô phi, fillet mang thương hiệu Vĩnh hoàn. VHC là Công ty dẫn đầu ngành cá tra Việt Nam từ năm 2010 đến nay, chiếm thị phần khoảng 15% của toàn ngành. Sản phẩm của Công ty đã có mặt tại các chuỗi bán lẻ danh tiếng như Walmart, Target, Trader Joe, và Kroger, và được phân phối bởi các công ty về dịch vụ thực phẩm hàng đầu của Mỹ như Sysco, Gordon Food Service, US Foods. VHC đang dẫn đầu trong số lượng các vùng nuôi đạt chứng nhận tại Việt Nam với diện tích vùng nuôi đạt chứng nhận Aquaculture Stewardship Council (ASC), Best Aquaculture Practices (BAP), Global Good Agricultural Practice (GlobalGAP) lần lượt đạt 180ha, 135ha, và 155ha. Ngày 24/12/2007, VHC chính thức giao dịch trên Sở Giao dịch Chứng khoán Thành phố Hồ Chí Minh (HOSE).",CT,VNINDEX,,3500,vnstock:VCI,2026-07-19
VHM,Công ty Cổ phần Vinhomes,HSX,Real Estate,True,2018-05-17,Vinhomes,"Công ty Cổ phần Vinhomes (VHM) có tiền thân là Công ty Cổ phần Đô thị BIDV-PP được thành lập năm 2008. Công ty hoạt động trong lĩnh vực phát triển, chuyển nhượng, vận hành và khai thác bất động sản nhà ở phức hợp. VHM là doanh nghiệp lớn nhất Việt Nam trong lĩnh vực phát triển và chuyển nhượng bất động sản nhà ở. Hiện nay, Vinhomes đã đưa vào vận hành và quản lý 32 khu đô thị thị tại 8 tỉnh thành trên cả nước với hơn 168 nghìn căn hộ, biệt thự và nhà phố, phục vụ hơn 650 nghìn cư dân. VHM được niêm yết và giao dịch trên Sở Giao dịch Chứng khoán Thành phố Hồ Chí Minh (HOSE) từ tháng 05/2018.",CT,VNINDEX,,8600,vnstock:VCI,2026-07-19
VIB,Ngân hàng Thương mại Cổ phần Quốc tế Việt Nam,HSX,Banks,True,2017-01-09,VIBBank,"Ngân hàng Thương mại Cổ phần Quốc tế Việt Nam (VIB) được thành lập vào năm 1996. VIB hoạt động chủ yếu trong lĩnh vực huy động vốn, cho vay tín dụng. Ngoài ra, Ngân hàng còn tham gia các hoạt động thanh toán quốc tế, kinh doanh ngoại hối, đầu tư tài chính, quản lý rủi ro và bảo toàn vốn. Năm 2024, so với cùng kỳ, Biên lãi thuần (NIM) ở mức 3.75%, giảm 0.96%. Tỷ lệ nợ xấu ở mức 3.51%, tăng 0.37%. Tỷ lệ bao phủ nợ xấu ở mức 50.06%, giảm 0.93%. Lợi nhuận sau thuế công ty mẹ có giá trị bằng 7,2 nghìn tỷ đồng, giảm 15.87%. Tỷ suất lợi nhuận trên vốn chủ sở hữu (ROE) ở mức 18.06%, giảm 6.21%.",NH,VNINDEX,,8300,vnstock:VCI,2026-07-19
VIC,Tập đoàn Vingroup - Công ty CP,HSX,Real Estate,True,2007-09-19,VinGroup,"Tập đoàn Vingroup - Công ty Cổ phần (VIC) có tiền thân là Công ty Cổ phần Thương mại Tổng hợp Việt Nam được thành lập vào năm 2002. Tập đoàn hoạt động trong lĩnh vực bất động sản, du lịch nghỉ dưỡng - vui chơi giải trí, bán lẻ, công nghiệp và hạ tầng xã hội. VIC hiện phát triển và vận hành hệ thống khu đô thị tại nhiều tỉnh thành trên cả nước, với khoảng 28 dự án đã đi vào vận hành. Về bất động sản bán lẻ, Tập đoàn phát triển và vận hành hệ thống 90 trung tâm thương mại trên toàn quốc, gồm 61 Vincom Plaza tại 32 tỉnh thành và 15 Vincom+ tại 10 tỉnh thành, theo mô hình tích hợp mua sắm, giải trí và ẩm thực. Trong lĩnh vực sản xuất ô tô, Vinfast hiện đang có mặt tại các thị trường Bắc Mỹ (bao gồm Mỹ và Canada), châu Âu (Đức, Hà Lan, Pháp), Trung Đông (Các tiểu Vương quốc Ả tập Thống nhất- UAE và Oman), châu Á (Việt Nam, Indonesia, Philippines và Ấn Độ). Trong năm 2025, tại thị trường Việt Nam, Vinfast tiếp tục duy trì vị thế top 1 thị trường ô tô với hơn 175.000 xe bàn giao, top 2 thị trường xe máy với hơn 406.000 xe bàn giao. Tính tới cuối năm 2025, Vinfast có 424 Showroom và hơn 1 triệu cổng sạc trên toàn thế giới. Ngoài ra, VIC còn tham gia đầu tư phát triển hạ tầng xã hội trong các lĩnh vực y tế, giáo dục. VIC được niêm yết và giao dịch trên Sở Giao dịch Chứng khoán Thành phố Hồ Chí Minh (HOSE) từ tháng 09/2007.",CT,VNINDEX,,8600,vnstock:VCI,2026-07-19
VID,Công ty Cổ phần Đầu tư Phát triển Thương mại Viễn Đông,HSX,Basic Resources,True,2006-12-25,Viễn Đông,"Công ty Cổ phần Đầu tư Phát triển Thương mại Viễn Đông (VID), tiền thân là Công ty Kỹ nghệ Giấy Viễn Đông (VIDOGICO) thành lập năm 1974. Năm 2000 công ty chuyển sang hoạt động theo mô hình cổ phần. Viễn Đông là công ty hàng đầu trong lĩnh vực kinh doanh các sản phẩm giấy; là nhà cung cấp lớn các loại giấy ngoại nhập; sản xuất giấy photocopy, giấy vệ sinh, khăn giấy các loại nhãn hiệu Vidon. Công ty có hệ thống phân phối sỉ, lẻ tại các chợ, cửa hàng trong khu vực thành phố Hồ Chí Minh và các tỉnh thành. Về mặt hàng khăn giấy được phân phối rộng rãi trong các hệ thống siêu thị (Coopmart, Maximark, Citimart), trung tâm thương mại trên cả nước. Công ty cũng có hệ thống phân phối mặt hàng giấy mỹ thuật từ Nam ra Bắc đồng thời bao gồm cả hệ thống các cửa hàng văn phòng phẩm, cửa hàng photocopy, công ty, nhà sách tại thành phố Hồ Chí Minh và khắp các tỉnh thành. Ngoài ra công ty còn xuất khẩu bao bì trực tiếp cho Nhật, Lào, Campuchia. Hiện tại Công ty đang sở hữu hệ thống nhà xưởng hơn 12.000 m2 tại Thành phố Hồ Chí Minh. Ngày 25/12/2006, VID chính thức giao dịch trên Sở Giao dịch Chứng khoán Thành phố Hồ Chí Minh (HOSE).",CT,VNINDEX,,1700,vnstock:VCI,2026-07-19
VIF,Tổng Công ty Lâm nghiệp Việt Nam - Công ty Cổ phần,HNX,Basic Resources,True,2017-01-12,Lâm nghiệp Việt Nam,"Tổng công ty Lâm nghiệp Việt Nam (VIF) có tiền thân là Tổng Công ty Lâm Sản Việt Nam, được thành lập năm 1995 trên cơ sở sáp nhập 10 Tổng công ty, Liên hiệp các xí nghiệp trực thuộc Bộ Lâm nghiệp (nay là Bộ Nông nghiệp và Phát triển Nông thôn). Vinafor hoạt động chính trong lĩnh vực trồng, chăm sóc, quản lý rừng và chế biến lâm sản. Bình quân mỗi năm Tổng Công ty Lâm nghiệp Việt Nam trồng từ 5.000 – 6.000 ha rừng. Ngoài ra, Vinafor còn đẩy mạnh chế biến các sản phẩm gỗ chất lượng cao (nội thất trong nhà, nội thất ngoài trời, plywood). Nhà máy MDF Gia Lai của VINAFOR có công suất 54.000 m3 sản phẩm/năm sử dụng dây chuyền công nghệ hiện đại của Châu Âu. Bên cạnh đó, Tổng công ty còn tham gia chế biến và xuất khẩu khoảng 01 triệu tấn dăm gỗ/năm. Ngày 03/02/2020, VIF chính thức giao dịch trên Sở Giao dịch Chứng khoán Hà Nội (HNX).",CT,HNXIndex,,1700,vnstock:VCI,2026-07-19
VIG,Công ty Cổ phần Chứng khoán Đầu tư Tài chính Việt Nam,HNX,Financial Services,True,2009-12-01,Chứng khoán Đầu tư Tài chính Việt Nam,"Công ty Cổ phần Chứng khoán Đầu tư Tài chính Việt Nam (VIG) được chính thức thành lập năm 2008. Công ty chuyên cung cấp dịch vụ môi giới, tư vấn và đầu tư tài chính. Công ty có lợi thế so với các công ty khác khi cổ đông sáng lập của công ty là các Tổng Công ty nhà nước như Tổng Công ty Hóa chất Việt Nam, Tổng Công ty Giấy Việt Nam, Tổng Công ty Lắp máy Việt Nam. Năm 2025, Doanh thu nghiệp vụ môi giới chứng khoán có giá trị bằng 1,11 tỷ đồng. Lợi nhuận trước thuế đạt 0,60 tỷ đồng. Tỷ lệ sinh lời trên vốn chủ sở hữu (ROE) ở mức 0.07%, giảm 5.93%. VIG được niêm yết và giao dịch trên Sở Giao dịch Chứng khoán Hà Nội (HNX) từ năm 2009.",CK,HNXIndex,,8700,vnstock:VCI,2026-07-19
VIP,Công ty Cổ phần Vận tải Xăng dầu VIPCO,HSX,Industrial Goods & Services,True,2006-12-21,Vận tải Xăng dầu VIPCO,"Công ty Cổ phần Vận tải Xăng dầu VIPCO (VIP) có tiền thân là Công ty vận tải Xăng dầu đường thủy I thành lập năm 1980. VIP chính thức hoạt động theo mô hình công ty cổ phần từ năm 2005. Hoạt động chính của công ty là vận tải xăng dầu viễn dương và ven biển, kinh doanh xăng dầu, kinh doanh bất động sản. Công ty có đội tàu biển tổng trọng tải 180.000 DWT, là một trong số ít đội tàu biển vận tải xăng dầu của Việt Nam có tải trọng lớn nhất, được chia làm 2 nhóm chuyên vận tải tuyến quốc tế và nội địa. VIP Là thành viên của PETROLIMEX, nên công ty có sẵn thị phần lớn trong việc vận chuyển và kinh doanh xăng dầu cho chính Tổng công ty. Ngày 21/12/2006, VIP chính thức giao dịch trên Sở Giao dịch Chứng khoán Thành phố Hồ Chí Minh (HOSE).",CT,VNINDEX,,2700,vnstock:VCI,2026-07-19
VIT,Công ty Cổ phần Viglacera Tiên Sơn,HNX,Construction & Materials,True,2009-11-03,Viglacera Tiên Sơn,"Công ty Công ty Cổ phần Viglacera Tiên Sơn (VIT) có tiền thân là Công ty Công ty Gạch Granite Tiên Sơn, được thành lập vào năm 2001. 2007, VIT chính thức chuyển đổi mô hình kinh doanh thành công ty cổ phần. Công ty hoat động chính trong lĩnh vực sản xuất kinh doanh các loại gạch ốp lát Granite. Bên cạch đó, công ty còn hoạt động trong các lĩnh vực tư vấn, thiết kế, chuyển giao công nghệ sản xuất vật liệu xây dựng cũng như kinh doanh nguyên vật liệu xây dựng. VIT hiện đang quản lý vận hành 3 nhà máy với công suất 10 triệu m2/năm tại Bắc Ninh, Thái Bình và Bà Rịa – Vũng Tàu. Sản phẩm gạch Viglacera Tiên Sơn có chất lượng tốt, được khách hàng ưa chuộng, đa dạng nhiều dòng gạch granite như Eurotile, Singnature, Eco... Cùng với hệ thống trang thiết bị được đầu tư đồng bộ với các hãng lớn như Sacmi của Italia. Ngày 03/11/2019, VIT được niêm yết và giao dịch trên Sở Giao dịch Chứng khoán Thành phố Hà Nội (HNX).",CT,HNXIndex,,2300,vnstock:VCI,2026-07-19
VIX,Công ty Cổ phần Chứng khoán VIX,HSX,Financial Services,True,2009-12-29,Chứng khoán VIX,"Công ty Cổ phần Chứng khoán VIX (VIX) có tiền thân là Công ty Cổ phần Chứng khoán Vincom được thành lập vào năm 2007. Công ty chuyên cung cấp dịch vụ môi giới chứng khoán, tư vấn đầu tư tài chính, đầu tư chứng khoán và tự doanh chứng khoán. Năm 2025, Doanh thu nghiệp vụ môi giới chứng khoán có giá trị bằng 215,14 tỷ đồng, tăng 59.34% so với cùng kỳ. Nợ vay ký quỹ/Vốn chủ sở hữu ở mức 71.59%, tăng 35.62%. Lợi nhuận trước thuế có giá trị bằng 6.717,01 tỷ đồng. Tỷ lệ sinh lời trên vốn chủ sở hữu (ROE) ở mức 28.85%, tăng 23.52%. VIX được niêm yết trên Sở Giao dịch Chứng khoán Thành phố Hồ Chí Minh (HOSE) từ tháng 12/2020.",CK,VNINDEX,,8700,vnstock:VCI,2026-07-19
VJC,Công ty Cổ phần Hàng không Vietjet,HSX,Travel & Leisure,True,2017-02-28,Vietjet Air,"Công ty Cổ phần Hàng không Vietjet (VJC) là hãng hàng không tư nhân đầu tiên của Việt Nam được thành lập năm 2007 với 3 cổ đông chính là Tập đoàn T&C, Sovico Holdings và HD Bank. Công ty hoạt động chính trong lĩnh vực vận tải hàng không. Vietjet là hãng hàng không chi phí thấp có quy mô lớn tại Việt Nam, với mạng bay gồm 52 đường bay nội địa và 202 đường bay quốc tế. Doanh nghiệp vận hành đội tàu 107 máy bay, phục vụ các tuyến nội địa, khu vực và quốc tế. Năm 2025, Vietjet khai thác gần 153 nghìn chuyến bay và vận chuyển 28,2 triệu lượt hành khách, trong đó khách quốc tế đạt gần 10 triệu lượt. Hãng hiện diện tại nhiều thị trường trọng điểm như Australia, Ấn Độ, Trung Quốc, Nga và Trung Á. VJC được niêm yết và giao dịch trên Sở Giao dịch Chứng khoán Thành phố Hồ Chí Minh (HOSE) từ tháng 02/2017.",CT,VNINDEX,,5700,vnstock:VCI,2026-07-19
VLA,Công ty Cổ phần Đầu tư và Phát triển Công nghệ Văn Lang,HNX,Technology,True,2010-08-04,PT Công nghệ Văn Lang,"Công ty Cổ phần Đầu tư và Phát triển Công nghệ Văn Lang (VLA) là đơn vị thành viên của Nhà xuất bản Giáo dục Việt Nam thành lập năm 2007. Lĩnh vực hoạt động chính của Công ty là phát triển và cung cấp các sản phẩm, dịch vụ công nghệ thông tin. Bên cạnh đó, Công ty còn tham gia đầu tư tài chính, chứng khoán, kinh doanh bất động sản. Hiện tại Công ty là là đơn vị cung cấp các sản phẩm phần mềm phục vụ hoạt động sản xuất kinh doanh của các đơn vị trong toàn ngành giáo dục. Ngày 04/08/2010, VLA chính thức giao dịch tại Sở giao dịch Chứng khoán Hà Nội (HNX).",CT,HNXIndex,,9500,vnstock:VCI,2026-07-19
VMC,Công ty Cổ phần VIMECO,HNX,Construction & Materials,True,2006-12-11,VIMECO,"Công ty Cổ phần VIMECO (VMC) tiền thân là Xí nghiệp thi công cơ giới thuộc Tổng Công ty XNK Xây dựng Việt Nam được thành lập năm 1997. Năm 2003 công ty chuyển sang hoạt động theo mô hình công ty cổ phần. Lĩnh vực kinh doanh chính của Công ty là xây lắp (công trình thủy điện là sản phẩm chính), sản xuất và kinh doanh vật liệu xây dựng, đầu tư và kinh doanh bất động sản, xuất nhập khẩu và các dịch vụ khác. Công ty đã tham gia hoàn thành nhiều hạng mục công trình thi công lớn như: Dự án BOT Dung Quất, Nhà máy Xi măng Nghi Sơn, Xây dựng nhà số 1 - Bệnh viện K Cơ sở 2, Trạm bơm Cổ Đô, Trung tâm Thương mại Tràng Tiền... VMC chính thức được niêm yết tại Sở Giao dịch Chứng khoán Hà Nội (HNX) từ ngày 11/12/2006.",CT,HNXIndex,,2300,vnstock:VCI,2026-07-19
VMD,Công ty Cổ phần Y Dược phẩm Vimedimex,HSX,Health Care,True,2010-09-30,Y Dược phẩm Vimedimex,"Công ty Cổ phần Y Dược phẩm Vimedimex (VMD) tiền thân là doanh nghiệp Nhà nước được thành lập năm 1984. Từ năm 2006, Công ty chuyển sang hoạt động theo mô hình công ty cổ phần. Công ty hoạt động chính trong lĩnh vực nghiên cứu, sản xuất và phân phối dược phẩm. Hiện công ty đang vận hành nhà máy sản xuất Vimedimex 2 với 3 xưởng sản xuất đạt tiêu chuẩn GMP-EU. Hệ thống phân phối sản phẩm của Công ty phân bổ khắp các tỉnh miền Nam, Tây Nam Bộ và miền Bắc (chủ yếu là ở miền Nam ở Tây Nam Bộ như TP Hồ Chí Minh, Bình Dương, Cần Thơ, Tây Ninh, phía Bắc hiện nay có ở Hà Nội). Năm 2010, VMD chính thức được giao dịch tại Sở Giao dịch Chứng khoán Thành phố Hồ Chí Minh (HOSE).",CT,VNINDEX,,4500,vnstock:VCI,2026-07-19
VMS,Công ty Cổ phần Phát triển Hàng Hải,HNX,Industrial Goods & Services,True,2015-10-20,Phát triển Hàng Hải,"Công ty Cổ phần Phát triển Hàng Hải (VMS), tiền thân là Tổng công ty Phát triển Hàng hải được thành lập năm 1992. Năm 2003, Công ty chuyển đổi mô hình kinh doanh hoạt động là Công ty Cổ phần. Hoạt động sản xuất chính của công ty là kinh doanh kho bãi, bỗ xếp hàng hóa và dịch vụ logistic, Dịch vụ đại lý tàu biển (bao gồm dịch vụ cung ứng tàu biển); Dịch vụ đại lý vận tải đường biển; Vận tải hàng hóa bằng đường bộ...Với lợi thế hoạt động trong lĩnh vực này lâu năm, cơ sở vật chất đầy đủ, hiện nay đội xe container của công ty có hơn 30 xe hoạt động liên tục, Công ty luôn chứng tỏ vị thế của mình trong ngành vận tải nội địa. Dịch vụ đại lý leasing container là Công ty làm đại lý cho các hãng cho thuê container quốc tế, Công ty chịu trách nhiệm cho thuê, lưu, bảo dưỡng và sửa chữa container. Rất nhiều hãng container lớn trên thế giới chọn Vimadeco là đối tác chiến lược duy nhất làm đại lý tại Việt Nam như Trans America, Seacube, Gold...Ngoài ra còn rất nhiều hãng lớn chọn Vimadeco làm đại lý như Klines, Dongfeng, Cronos,…Ngày 20/10/2015, VMS chính thức giao dịch trên Sở Giao dịch Chứng khoán Hà Nội (HNX).",CT,HNXIndex,,2700,vnstock:VCI,2026-07-19
VNC,Công ty Cổ phần Tập đoàn Vinacontrol,HNX,Industrial Goods & Services,True,2006-12-21,VINACONTROL,"Được thành lập năm 1957, Công ty Cổ phần VinaControl (VNC) là công ty đầu tiên tại Việt Nam hoạt động trong lĩnh vực giám định. Công ty chủ yếu thực hiện giám định các mặt hàng xuất nhập khẩu. Ngoài ra, công ty còn cung cấp nhiều mảng dịch vụ giám định khác nhằm đáp ứng nhu cầu ngày càng đa dạng của khách hàng như giám định máy móc thiết bị, giám định hàng hải, giám định sản phẩm xăng dầu, thẩm định giá tài sản, tư vấn kiểm định xây dựng, tư vấn thẩm định môi trường. Năm 2006, VNC chính thức được niêm yết tại Sở Giao dịch Chứng khoán Hà Nội (HNX).",CT,HNXIndex,,2700,vnstock:VCI,2026-07-19
VND,Công ty Cổ phần Chứng khoán VNDIRECT,HSX,Financial Services,True,2010-03-30,Chứng khoán VNDIRECT,"Công ty Cổ phần Chứng khoán VNDIRECT (VND) được thành lập vào năm 2006. Công ty hoạt động trong lĩnh vực môi giới lưu ký chứng khoán, tư vấn tài chính doanh nghiệp, tự doanh, bảo lãnh phát hành và quản lý danh mục đầu tư. Trong năm 2025, Công ty xếp ở vị trí 7 với 5.37% thị phần môi giới cổ phiếu niêm yết tại HOSE, vị trí thứ 4 với 7.99% thị phần môi giới cổ phiếu niêm yết tại HNX và thứ 6 với 5.78% thị phần môi giới cổ phiếu đăng ký giao dịch trên thị trường UPCOM. Trên thị trường phái sinh, VND đứng vị trí thứ 7 thị phần môi giới chứng khoán phái sinh với 3.54%. Doanh thu nghiệp vụ môi giới chứng khoán có giá trị bằng 971,90 tỷ đồng, tăng 35.01% so với cùng kỳ. Nợ vay ký quỹ/Vốn chủ sở hữu ở mức 65.29%, tăng 13.81%. Lợi nhuận trước thuế đạt 2.508,13 tỷ đồng, tăng 20.1%. Tỷ lệ sinh lời trên vốn chủ sở hữu (ROE) ở mức 9.96%, tăng 0.47%. VND được niêm yết và giao dịch trên Sở Giao dịch Chứng khoán Thành phố Hồ Chí Minh (HOSE) từ tháng 08/2017.",CK,VNINDEX,,8700,vnstock:VCI,2026-07-19
VNF,Công ty Cổ phần Vinafreight,HNX,Industrial Goods & Services,True,2010-12-01,VINAFREIGHT,"Công ty Cổ phần Vinafreight, có tiền thân là Xí nghiệp Dịch vụ Kho vận, được thành lập vào năm 2001. Công ty tập trung chủ yếu vào lĩnh vực kinh doanh các dịch vụ vận tải hàng không và hàng hải. Vinafreight là một trong những công ty vận tải hàng không lớn nhất khu vực thành phố Hồ Chí Minh, đứng thứ hai trong xếp hạng của Singapore Airline và thứ ba theo xếp hạng của Malaysia Airline và China International. Hiện công ty là thành viên của FIATA, IATA, VLA. Công ty đang là đối tác của các nhà cung cấp dịch vụ vận tải hàng không, đường biển lớn trên thế giới như: Singapore Airlines, Vietnam Airlines, Eva Airways, Cathay Pacific Airways, AirFrance, Bristish Airways, Philippines Airways, Lufthansa German Airlines, China Airlines, NYK Line, CMA, Maersk…với các đối thủ cạnh tranh chính như Gemadept, Vitranschart, Samtra, Saigonship. Ngoài dịch vụ vận tải, VNF còn cung cấp dịch vụ kho bãi với hệ thống kho CFS diện tích 3.000 m2, kho lạnh diện tích 1.500m2 sức chứa khoảng 1800 tấn; Kho ngoài trời rộng 10.000 m2; kho trong nhà diện tích 6.000m2. Năm 2010, VNF chính thức được giao dịch tại Sở Giao dịch Chứng khoán Hà Nội (HNX).",CT,HNXIndex,,2700,vnstock:VCI,2026-07-19
VNG,Công ty Cổ phần Du Lịch Thành Thành Công,HSX,Travel & Leisure,True,2009-12-17,DL Thành Thành Công,"Công ty Cổ phần Du lịch Thành Thành Công (VNG) có tiền thân là Công ty Cổ phần Du lịch Golf Việt Nam được thành lập vào năm 2006. Doanh nghiệp hoạt động trong lĩnh vực du lịch – dịch vụ với các mảng chính gồm lưu trú, khu vui chơi, trung tâm hội nghị/tiệc cưới/nhà hàng và lữ hành. Mạng lưới lưu trú gồm 12 khách sạn/khu nghỉ dưỡng, với tổng quy mô hơn 1.200 phòng, hiện diện tại nhiều địa phương du lịch trong nước và tại Siem Reap, Campuchia. Ngoài lưu trú, doanh nghiệp còn vận hành các khu vui chơi và trung tâm hội nghị, tiệc cưới, nhà hàng để bổ sung hệ sinh thái dịch vụ du lịch. Mảng lữ hành được triển khai thông qua TTC Travel, cung cấp các tour trong nước và quốc tế. VNG được niêm yết trên Sở Giao dịch Chứng khoán Thành phố Hồ Chí Minh (HOSE) từ năm 2009.",CT,VNINDEX,,5700,vnstock:VCI,2026-07-19
VNL,Công ty Cổ phần Logistics Vinalink,HSX,Industrial Goods & Services,True,2009-08-17,Vinalink Logistics,"Công ty Cổ phần Logistics Vinalink (VNL) có tiền thân là Xí nghiệp Đại lý Vận tải và Gom hàng (Vinaconsol) được thành lập vào năm 1999. VNL hoạt động trong lĩnh vực: Đại lý vận tải đa phương thức; Dịch vụ khai quan & giao nhận vận tải; Kinh doanh cho thuê văn phòng & kho bãi; Đại lý tàu biển & môi giới hàng hải; Dịch vụ phát chuyển nhanh nội địa. VNL đang thực hiện các tuyến vận tải trực tiếp hàng lẻ (LCL) xuất đường biển đi Châu Á (Trung Quốc, Singapore, Hong Kong, Nhật Bản, Malaysia) và Châu Mỹ (Mỹ, Canada), châu Âu. Bên cạnh đó, phát triển thêm các tuyến Châu Âu, Trung Đông; tuyến vận tải đa phương thức kết hợp đường biển-đường sắt liên vận đi Trung Á. Về dịch vụ vận tải đường không, hiện tại doanh thu mảng này của VNL đang phát triển rất tốt, VNL luôn là đại lý đứng đầu của các Hãng hàng không Vietnam Airlines, China Airlines, Asiana Airlines, Singapore Airlines, Thais Airways. Hiện tại, VNL sở hữu 14 đầu kéo container và 18 rơ móc, 7 xe tải có trọng tải 2 tấn, kho hàng tiêu chuẩn 16.000 m2 ở 145- 147 Nguyễn tất Thành, Quận 4, thành phố Hồ Chí Minh. Bên cạnh đó, VNL còn có đầy đủ các trang thiết bị phục vụ cho việc bốc dỡ hàng tại kho như xe cẩu, xe nâng, palet (miếng gỗ chống ẩm ướt trong kho). Ngày 17/08/2009, VNL niêm yết trên Sở Giao dịch Chứng khoán Thành phố Hồ Chí Minh (HOSE).",CT,VNINDEX,,2700,vnstock:VCI,2026-07-19
VNM,Công ty Cổ phần Sữa Việt Nam,HSX,Food & Beverage,True,2006-01-19,VINAMILK,"Công ty Cổ phần Sữa Việt Nam (VNM) có tiền thân là Công ty Sữa – Cà Phê Miền Nam, được thành lập vào năm 1976. Công ty hoạt động chính trong lĩnh vực chế biến sản xuất, kinh doanh xuất nhập khẩu các sản phẩm sữa và các sản phẩm dinh dưỡng khác. VNM chính thức hoạt động theo mô hình công ty cổ phần từ năm 2003. Công ty giữ vững vị thế top 1 thị phần ngành sữa Việt Nam , hiện nay VNM đang quản lý hơn 130.000 đàn bò sữa đang khai thác, 15 trang trại bò sữa công nghệ cao, 16 nhà máy sữa hiện đại và 1 nhà máy thị bò mát 10.000 tấn. Sản phẩm của VNM đã có mặt tại hơn 200.000 điểm bán trong hệ thống phân phối và được xuất khẩu trực tiếp đến 63 quốc gia và vùng lãnh thổ trên thế giới. VNM được niêm yết và giao dịch trên Sở Chứng khoán Thành phố Hồ Chí Minh (HOSE) từ năm 2006.",CT,VNINDEX,,3500,vnstock:VCI,2026-07-19
VNR,Tổng Công ty Cổ phần Tái bảo hiểm Quốc gia Việt Nam,HNX,Insurance,True,2006-03-13,Tái bảo hiểm Quốc gia,"Công ty tái bảo hiểm quốc gia VN (VNR) tiền thân là Công ty Tái bảo hiểm Quốc gia Việt Nam được thành lập năm 1994. Năm 2005, Công ty chuyển đổi mô hình kinh doanh hoạt động là Công ty Cổ phần. Lĩnh vực kinh doanh chính của Công ty là nhận và nhượng tái bảo hiểm đối với tất cả các nghiệp vụ bảo hiểm phi nhân thọ và nhân thọ thị trường trong và ngoài nước, đầu tư tài chính: trái phiếu Chính phủ, cổ phiếu, trái phiếu doanh nghiệp, bất động sản, góp vốn vào các doanh nghiệp khác. Tổng Công ty Đầu tư và kinh doanh vốn Nhà nước (SCIC) hiện là cổ đông lớn nhất và nắm quyền chi phối VNR (Sở hữu 40,37%). Vinare là doanh nghiệp duy nhất tại Việt nam kinh doanh tái bảo hiểm. Về vốn hoạt động đứng thứ 3 chỉ sau Bảo Việt và Bảo Minh. Với lợi thế là đơn vị thành viên của các tập đoàn lớn về lĩnh vực bảo hiểm trong và ngoài nước như: Swiss Re, Tập đoàn Bảo Việt, Quỹ đầu tư Bảo Việt, Tập đoàn Bảo Minh, VNR luôn nhận được sự giúp đỡ chiến lược phát triển thị trường, đồng thời giúp nâng cao uy tín, vị thế của VNR trên thị trường. Ngày 13/03/2006, VNR chính thức giao dịch trên Sở Giao dịch Chứng khoán Hà Nội (HNX).",BH,HNXIndex,,8500,vnstock:VCI,2026-07-19
VNS,Công ty Cổ phần Ánh Dương Việt Nam,HSX,Travel & Leisure,True,2008-07-29,Ánh Dương Việt Nam,"Công ty Cổ phần Ánh Dương Việt Nam (VNS), tiền thân là Công ty TNHH Thương Mại Dịch vụ Lữ hành Tư Vấn Đầu Tư Ánh Dương Việt Nam, được thành lập năm 1995. VNS chuyên cung cấp các dịch vụ vận tải bằng xe taxi (thương hiệu TAXI VINASUN), du lịch (thương hiệu VINASUN TRAVEL), nhà hàng, ăn uống, bất động sản. là một thương hiệu mạnh với mức độ nhận biết trên 95%, Vinasun Taxi chiếm hơn 40% thị phần TP. Hồ Chí Minh, 60% thị phần Bình Dương, Đồng Nai, Bà Rịa - Vũng Tàu. Trong mảng kinh doanh du lịch, Công ty hiện là đại lý cấp 1 của các hãng hàng không như VN airline, đại lý cấp 2 của các hãng như Korean Airline, Shanghai Airline, Thai Airways, China Airline...Công ty liên kết được hơn 800 nhà hàng, khách sạn, siêu thị, sân bay, nhà ga để đón khách. Ngày 29/07/2008, VNS chính thức giao dịch trên Sở Giao dịch Chứng khoán Thành phố Hồ Chí Minh (HOSE).",CT,VNINDEX,,5700,vnstock:VCI,2026-07-19
VNT,Công ty Cổ phần Giao nhận Vận tải Ngoại Thương,HNX,Industrial Goods & Services,True,2009-08-14,Vận tải ngoại thương,"Công ty Cổ phần Giao nhận Vận tải Ngoại Thương (VNT), tiền thân là Chi nhánh phía Bắc mang tên Vinatrans Hà Nội thành lập năm 1996. Năm 2002, Công ty chuyển đổi mô hình kinh doanh hoạt động là Công ty Cổ phần. Hoạt động kinh doanh chính của Công ty là thực hiện các hợp đồng giao nhận, vận chuyển hàng hóa và khai thác cảng. VNT Loigistics hiện đang là Tổng đại lý khai thác hàng hóa cho tất cả các hãng hàng không tại Việt Nam. VNT Logistics chuyên chở trung bình 5000 containers mỗi tháng, dẫn đầu về vận tải đường biển và có mạng lưới đại lý vận chuyển trên toàn cầu. VNT hiện cũng đang sở hữu Cảng biển MPC có tổng diện tích 23ha, độ sâu bến nước âm 11m. Ngày 14/08/2009, VNT chính thức giao dịch trên Sở Giao dịch Chứng khoán Hà Nội (HNX).",CT,HNXIndex,,2700,vnstock:VCI,2026-07-19
VOS,Công ty Cổ phần Vận tải Biển Việt Nam,HSX,Industrial Goods & Services,True,2010-09-08,Vận tải Biển Việt Nam,"Công ty Cổ phần Vận tải Biển Việt Nam (VOS) tiền thân là Công ty Vận tải biển Việt Nam được thành lập năm 1970. Hoạt động kinh doanh chính của VOSCO bao gồm vận tải hàng hóa đường biển ven biển và viễn dương, cùng các dịch vụ hàng hải liên quan như đại lý tàu biển, logistics, huấn luyện – đào tạo, khai thác bãi container, đóng mới và sửa chữa tàu biển. Công ty khai thác đội tàu hàng khô, hàng rời, tàu dầu/hóa chất và tàu container, hoạt động trên các khu vực như Đông Nam Á, Đông Bắc Á, Tây Phi, Nam Mỹ, Úc, Nam Phi và một số thị trường khác. Các nhóm hàng vận chuyển chính gồm lương thực, lúa mì, xi măng, clinker, nông sản, lưu huỳnh, hàng bao kiện, than, quặng sắt, sản phẩm dầu và hóa chất. VOS chính thức được niêm yết và giao dịch tại Sở Giao dịch Chứng khoán Thành phố Hồ Chí Minh từ năm 2010.",CT,VNINDEX,,2700,vnstock:VCI,2026-07-19
VPB,Ngân hàng Thương mại Cổ phần Việt Nam Thịnh Vượng,HSX,Banks,True,2017-08-17,VPBank,"Ngân hàng Thương mại Cổ phần Việt Nam Thịnh Vượng (VPBank) có tiền thân là Ngân hàng Thương mại Cổ phần Doanh nghiệp tư nhân Việt Nam, được thành lập vào năm 1993. Ngân hàng hoạt động chủ yếu trong lĩnh vực huy động vốn và cho vay tín dụng. Bên cạnh đó, VPBank còn tham gia các hoạt động thanh toán quốc tế, kinh doanh ngoại hối, đầu tư tài chính, quản lý rủi ro và bảo toàn vốn. Năm 2025, so với cùng kỳ, biên lãi thuần (NIM) ở mức 5.48%, giảm 0.44%. Tỷ lệ nợ xấu ở mức 3.33%, giảm 0.83%. Tỷ lệ bao phủ nợ xấu ở mức 55.39%, giảm 0.91%. Lợi nhuận sau thuế công ty mẹ có giá trị bằng 24,0 nghìn tỷ đồng, tăng 52.04%. Tỷ suất lợi nhuận trên vốn chủ sở hữu (ROE) ở mức 15.49%, tăng 4.08%. VPBank được niêm yết và giao dịch trên Sở Giao dịch Chứng khoán Thành phố Hồ Chí Minh (HOSE) từ tháng 08/2017.",NH,VNINDEX,,8300,vnstock:VCI,2026-07-19
VPD,Công ty Cổ phần Phát triển Điện lực Việt Nam,HSX,Utilities,True,2016-04-12,Phát triển Điện lực Việt Nam,"Thành lập năm 2002, Công ty Cổ phần Phát triển Điện lực Việt Nam (VPD) là công ty liên kết của Tổng Công ty Điện lực Việt Nam, là doanh nghiệp sản xuất và kinh doanh điện năng thông qua vận hành các nhà máy thủy điện. Hiện nay, Công ty đang vận hành 03 nhà máy thủy điện bao gồm trạm thủy điện Nậm Má – Hà Giang với công suất 3,2MW, nhà máy thủy điện Bắc Bình – Bình Thuận công suất 33MW, nhà máy thủy điện Khe Bố - Nghệ An với công suất 100MW. VPD lần lượt được niêm yết và giao dịch trên Sở Giao dịch Chứng khoán Thành phố Hồ Chí Minh (HOSE) từ cuối năm 2017 và đầu năm 2018.",CT,VNINDEX,,7500,vnstock:VCI,2026-07-19
VPG,Công ty Cổ phần Đầu tư Thương mại Xuất nhập khẩu Việt Phát,HSX,Basic Resources,True,2018-01-18,Đầu tư TMại XNK Việt Phát,"Công ty Cổ phần Đầu tư Thương mại Xuất nhập khẩu Việt Phát (VPG), tiền thân là một Công ty dịch vụ vận tải chuyên vận tải nội địa, được thành lập năm 2008 do 03 cổ đông sáng lập với số vốn điều lệ 25 tỷ đồng. Hoạt động kinh doanh chính của công ty là kinh doanh, xuất nhập khẩu và cung cấp quặng sắt và than cho các nhà máy thép và nhà máy nhiệt điện, cùng với một số dịch vụ như vận tải, kho bãi,…Công ty là nhà cung cấp nguyên liệu hàng đầu của nhiều nhà máy thép lớn như Hòa Phát, Gang thép Thái Nguyên, DONGBU, SAMINA,.. và là đối tác cung cấp than cho các nhà máy nhiệt điện của EVN và PVN. Công ty đã mở rộng thị trường nhập khẩu than cốc, quặng sang Nhật Bản, Thụy Sỹ, Singapore với một số đối tác như: Công ty Daichu Corporation, Công ty Glencore International AG, Công ty Noble Resources International PTE LTD... Cổ phiếu VPG được giao dịch tại Sở Giao dịch Chứng khoán thành phố Hồ Chí Minh (HOSE) từ năm 2018",CT,VNINDEX,,1700,vnstock:VCI,2026-07-19
VPH,Công ty Cổ phần Vạn Phát Hưng,HSX,Real Estate,True,2009-09-09,Vạn Phát Hưng,"Công ty Cổ phần Vạn Phát Hưng (VPH) có tiền thân là Công ty TNHH Vạn Phát Hưng được thành lập vào năm 1999. Công ty hoạt động kinh doanh trong lĩnh vực đầu tư phát triển và kinh doanh dự án bất động sản, đặc biệt tại địa bàn thành phố Hồ Chí Minh. VPH chính thức hoạt động theo mô hình công ty cổ phần từ năm 2006. Một số dự án tiêu biểu của Công ty là Khu dân cư Phú Mỹ (Nhà Bè, Thành phố Hồ Chí Minh), Khu căn hộ Phú Mỹ Thuận (Nhà Bè, Thành phố Hồ Chí Minh), Dự án Tulip Tower (Quận 7, Thành phố Hồ Chí Minh), Dự án Khu phức hợp La Casa (Quận 7, Thành phố Hồ Chí Minh). VPH được niêm yết trên Sở Giao dịch Chứng khoán Thành phố Hồ Chí Minh (HOSE) từ năm 2009.",CT,VNINDEX,,8600,vnstock:VCI,2026-07-19
VPI,Công ty Cổ phần Phát triển Bất động sản Văn Phú,HSX,Real Estate,True,2017-11-28,Đầu tư Văn Phú - Invest,"Công ty Cổ phần Phát triển Bất động sản Văn Phú (VPI) có tiền thân là Chi nhánh tại Hà Nội của Công ty Đầu tư Xây dựng và Kinh doanh nhà Quảng Ninh, được thành lập vào năm 2003. Công ty hoạt động trong các lĩnh vực tư vấn đầu tư, xây dựng, phát triển và kinh doanh bất động sản. Công ty đã tham gia thiết kế, thi công được nhiều công trình, dự án quy mô lớn với tổng mức đầu tư lên đến hàng chục ngàn tỷ đồng, triển khai nhiều dự án tiêu biểu có tầm ảnh hưởng lớn, như Khu đô thị mới Văn Phú, The Văn Phú Victoria, Home City, Hùng Sơn Villa, Giảng Võ Complex,...VPI được niêm yết và giao dịch trên Sở Giao dịch Chứng khoán Thành phố Hồ Chí Minh (HOSE) từ năm 2018.",CT,VNINDEX,,8600,vnstock:VCI,2026-07-19
VPL,Công ty Cổ phần Vinpearl,HSX,Travel & Leisure,True,2025-05-13,Vinpearl,"Công ty Cổ phần VinPearl (VPL), tiền thân là Công ty TNHH Đầu tư Phát triển Du lịch, Thương mại và Dịch vụ Hòn Tre, được thành lập năm 2001. Công ty hoạt động chính trong lĩnh vực cung cấp dịch vụ lưu trú, vui chơi giải trí, trung tâm hội nghị, nhà hàng và ẩm thực. Với hơn 20 năm phát triển, Vinpearl hiện sở hữu và vận hành khoảng 60 dự án tại 20 tỉnh/thành phố trong nước và quốc tế, bao gồm hệ thống 35 khách sạn và khu nghỉ dưỡng với khoảng 17.525 phòng quy đổi. Bên cạnh mảng lưu trú, Vinpearl còn phát triển hệ sinh thái vui chơi giải trí, sân golf, hội nghị – sự kiện và ẩm thực, góp phần hoàn thiện chuỗi dịch vụ du lịch – nghỉ dưỡng cao cấp. Ngày 13/05/2025, VPL chính thức giao dịch trên Sở giao dịch Chứng khoán Thành phố Hồ Chí Minh (HOSE).",CT,VNINDEX,,5700,vnstock:VCI,2026-07-19
VPS,Công ty Cổ phần Thuốc sát trùng Việt Nam,HSX,Chemicals,True,2015-08-19,Thuốc sát trùng Việt Nam,"Công ty Cổ phần Thuốc sát trùng Việt Nam (VPS) có tiền thân là Công ty Thuốc sát trùng miền Nam được thành lập từ năm 1976. Công ty hoạt động trong lĩnh vực sản xuất và kinh doanh thuốc bảo vệ thực vật, phân bón, dịch vụ khử trùng và thuốc sát trùng gia dụng, vật tư phục vụ ngành nông nghiệp. VPS chính thức hoạt động theo mô hình công ty cổ phần từ năm 2006. Hiện tại, sản phẩm của công ty đã được xuất khẩu sang Đài Loan, Cambodia, Myanmar. VPS được niêm yết trên Sở Giao dịch Chứng khoán Thành phố Hồ Chí Minh (HOSE) từ năm 2015.",CT,VNINDEX,,1300,vnstock:VCI,2026-07-19
VPX,Công ty Cổ phần Chứng khoán VPBank,HSX,Financial Services,True,2025-12-11,Chứng khoán VPBank,"Công ty Cổ phần Chứng khoán VPBank (VPX), tiền thân là Công ty Cổ phần Chứng khoán Châu Á, được thành lập năm 2009 . Công ty hoạt động trong các lĩnh vực môi giới chứng khoán, tư vấn đầu tư và tư vấn tài chính doanh nghiệp. Năm 2025, Doanh thu nghiệp vụ môi giới chứng khoán có giá trị bằng 460,35 tỷ đồng. Nợ vay ký quỹ/Vốn chủ sở hữu ở mức 100.19%, tăng 45.9%. Lợi nhuận trước thuế có giá trị bằng 4.475,58 tỷ đồng. Tỷ lệ sinh lời trên vốn chủ sở hữu (ROE) ở mức 13.93%, tăng 8.17%. Ngày 11/12/2025, VPX chính thức giao dịch trên Sở giao dịch Chứng khoán Thành phố Hồ Chí Minh (HOSE).",CK,VNINDEX,,8700,vnstock:VCI,2026-07-19
VRC,Công ty Cổ phần Bất động sản và Đầu tư VRC,HSX,Real Estate,True,2010-07-26,Bất động sản và Đầu tư VRC,"Công ty Cổ phần Bất động sản và Đầu tư VRC (VRC) có tiền thân là Xí nghiệp Xây lắp được thành lập năm 1978. Hoạt động kinh doanh chính của Công ty bao gồm đầu tư bất động sản, xây dựng và dịch vụ mua bán sát nhập. Công ty định hướng tập trung chủ yếu vào lĩnh vực kinh doanh bất động sản: căn hộ cao cấp ven biển, khách sạn, cho thuê chợ và kho bãi phục vụ cảng. Một số dự án công ty thực hiện đầu tư như khu dân cư ADC (phường Phú Mỹ. Quận 7), Khu dân cư ADC Long An, Khu đô thị mới Nhà Bè, Cảng tổng hợp Container Mỹ Xuân,... VRC được niêm yết trên Sở Giao dịch Chứng khoán Thành phố Hồ Chí Minh (HOSE) từ năm 2012.",CT,VNINDEX,,8600,vnstock:VCI,2026-07-19
VRE,Công ty Cổ phần Vincom Retail,HSX,Real Estate,True,2017-11-06,Vincom Retail,"Công ty Cổ phần Vincom Retail (VRE) có tiền thân là Công ty TNHH Vincom Retail được thành lập vào năm 2012. Công ty hoạt động trong lĩnh vực cho thuê các trung tâm thương mại bán lẻ và các dịch vụ liên quan, cũng như đầu tư phát triển và kinh doanh các loại hình bất động sản. Vincom là thương hiệu bất động sản bán lẻ hàng đầu Việt Nam, giữ vị thế số 1 tại thị trường Việt Nam về mạng lưới và độ phủ với 90 trung tâm thương mại tại 31/34 tỉnh thành, được phát triển theo bốn mô hình sản phẩm: Vincom Center, Vincom Mega Mall, Vincom Plaza và Vincom+. Hệ thống của doanh nghiệp bao gồm nhiều mô hình TTTM từ cao cấp, quy mô lớn đến mô hình địa phương, trong đó Vincom Plaza chiếm tỷ trọng lớn nhất về số lượng và diện tích. Doanh nghiệp duy trì mạng lưới gần 1.000 thương hiệu trong và ngoài nước, đồng thời tiếp tục mở rộng các mô hình flagship, concept mới và nâng cấp tài sản hiện hữu. VRE được niêm yết và giao dịch trên Sở Giao dịch Chứng khoán Thành phố Hồ Chí Minh (HOSE) từ cuối năm 2017.",CT,VNINDEX,,8600,vnstock:VCI,2026-07-19
VSA,Công ty Cổ phần Đại lý Hàng hải Việt Nam,HNX,Industrial Goods & Services,True,2015-12-22,Đại lý Hàng hải VN,"Công ty Cổ phần Đại lý Hàng hải Việt Nam (VSA), tiền thân là Công ty Đại lý Tàu biển Việt Nam được thành lập năm 1957. Năm 2006, Công ty chuyển đổi mô hình kinh doanh hoạt động là Công ty Cổ phần. Công ty là một trong những đại lý tàu biển đầu tiên tại Việt Nam với 14 chi nhánh văn phòng tại tất cả các cảng ở Việt Nam. Hoạt động chính của công ty bao gồm đại lý tàu biển, đại lý kiểm đếm hàng hóa, môi giới và dịch vụ hàng hải, đại lý vận tải và vận chuyển hàng hóa đa phương thức. Địa bàn kinh doanh của Công ty trải dài trên toàn quốc, từ Móng Cái đến Cà Mau, trong đó địa bàn hoạt động kinh doanh chính là Thành phố Hồ Chí Minh, Thành phố Hải Phòng, Tỉnh Quảng Ninh. VSA là đại lý cho thuê tàu chợ (Liner): sản lượng phục vụ hàng năm đạt: 136.546 Teus, trong đó 58.449 Teus hàng xuất và 78.097 Teus hàng nhập; ngoài ra còn có 34.277 Teus hàng xuất và nhập rỗng... Ngày 22/12/2015, VSA chính thức giao dịch trên Sở Giao dịch Chứng khoán Hà Nội (HNX).",CT,HNXIndex,,2700,vnstock:VCI,2026-07-19
VSC,Công ty Cổ phần Container Việt Nam,HSX,Industrial Goods & Services,True,2008-01-09,VICONSHIP,"Công ty Cổ phần Container Việt Nam (VSC) có tiền thân là Công ty Container Việt Nam, được thành lập vào năm 1985. Công ty được cổ phần hóa năm 2002. Công ty hoạt động chính trong lĩnh vực vận hành kinh doanh cảng, kho bãi. VSC hiện đang khai thác 02 cảng tại Hải Phòng là cảng Green Port và cảng VIP Green. Bên cạnh đó, Công ty hiện có 278.550 m2 kho bãi và kho CFS tại Hải Phòng, Đà Nẵng và thành phố Hồ Chí Minh. VSC được niêm yết trên Sở Giao dịch Chứng khoán Thành phố Hồ Chí Minh (HOSE) từ năm 2007.",CT,VNINDEX,,2700,vnstock:VCI,2026-07-19
VSH,Công ty Cổ phần Thủy điện Vĩnh Sơn - Sông Hinh,HSX,Utilities,True,2006-07-18,Thủy điện Vĩnh Sơn - Sông Hinh,"Công ty Cổ phần Thủy điện Vĩnh Sơn - Sông Hinh (VSH) có tiền thân là Nhà máy Thuỷ điện Vĩnh Sơn trực thuộc Công ty Điện Lực III được thành lập vào năm 1994. Hoạt động kinh doanh chính là sản xuât và kinh doanh điện năng, dịch vụ quản lý, vận hành bảo dưỡng các nhà máy thủy điện, tư vấn quản lý dự án, giám sát thi công các nhà máy thủy điện. VSH chính thức hoạt động theo mô hình công ty cổ phần từ năm 2005. Công ty hiện đang quản lý vận hành Nhà máy Thủy điện Vĩnh Sơn, Nhà máy Thủy điện Sông Hinh và nhà máy thủy điện Thượng Kon Tum với tổng công suất lắp đặt 356MW. VSH được giao dịch tại Trung tâm Giao dịch Chứng khoán Thành phố Hồ Chí Minh (nay là Sở Giao dịch Chứng khoán Thành phố Hồ Chí Minh) từ năm 2006.",CT,VNINDEX,,7500,vnstock:VCI,2026-07-19
VSI,Công ty Cổ phần Đầu tư và Xây dựng Cấp thoát nước,HSX,Construction & Materials,True,2010-12-24,Đầu tư và Xây dựng Cấp thoát nước,"Công ty Cổ phần Đầu tư và Xây dựng Cấp thoát nước (WASECO) tiền thân là Công ty Khoan, Cấp nước miền Nam được thành lập năm 1975. Năm 2008 Công ty chuyển sang hoạt động theo mô hình công ty cổ phần. Hoạt động kinh doanh chính của Công ty bao gồm: hoạt động kinh doanh vật tư nhập khẩu và mua bán nội địa, thi công xây lắp cấp thoát nước và xây dựng dân dụng, tư vấn thiết kế, nghiên cứu khoa học chuyên ngành cấp thoát nước và hoạt động kinh doanh các dự án bất động sản. Địa bàn kinh doanh chính của công ty là khu vực Đông Nam và Tây Nam Bộ. Công ty hiện có một khu văn phòng cho thuê tại Tòa nhà WASECO số 10 Phổ Quang, Phường 2, Quận Tân Bình. Công ty cũng đang triển khai một số dự án khác tại quận 12, quận 9, quận Bình Thạnh và thành phố Vũng Tàu. Năm2010, VSI chính thức được niêm yết tại Sở Giao dịch Chứng khoán Hồ Chí Minh (HOSE).",CT,VNINDEX,,2300,vnstock:VCI,2026-07-19
VSM,Công ty Cổ phần Container Miền Trung,HNX,Industrial Goods & Services,True,2017-07-17,Container Miền Trung,"Công ty Cổ phần Container Miền Trung (VSM) có tiền thân là Công ty TNHH Container Miền Trung, được thành lập vào năm 2012. VSM hoạt động chính trong lĩnh vực cung cấp các dịch vụ vận tải, dịch vụ kho bãi và dịch vụ đại lý. Công ty chính thức hoạt động theo mô hình công ty cổ phần từ tháng 11/2015. VSM đang khai thác cho thuê 4 kho bãi với tổng diện tích 46.000m2 and a capacity of 3.000 Teus. Ngoài ra, Công ty còn làm đại lý cho các hãng tàu lớn của thế giới như Evergreen Việt Nam, “K” Line Việt Nam… và có quan hệ hợp đồng với nhiều hãng tàu khác có mặt tại Việt Nam. VSM được niêm yết và giao dịch trên Sở Giao dịch Chứng khoán Hà Nội (HNX) từ năm 2017.",CT,HNXIndex,,2700,vnstock:VCI,2026-07-19
VTB,Công ty Cổ phần Viettronics Tân Bình,HSX,Industrial Goods & Services,True,2006-12-27,Viettronics Tân Bình,"Công ty Cổ phần Viettronics Tân Bình (VTB) có tiền thân là Nhà máy chế tạo tụ xoay Tân Bình được thành lập vào năm 1981. Năm 2004 chuyển sang hoạt động theo mô hình cổ phần. Sản phẩm kinh doanh của công ty được chia làm 4 nhóm: Nhóm sản phẩm AV: gồm có Tivi, Đầu DVD - VCD, âm ly Karaoke. VTB có 2 trung tâm giới thiệu và bán sản phẩm tại TP.HCM và Hà nội, 2 nhà máy với 4 dây chuyền sản xuất. Công ty có hệ thống phân phối và bảo hành được xây dựng trên toàn quốc. VTB chính thức được niêm yết trên Sở Giao dịch Chứng khoán Thành phố Hồ Chí Minh (HOSE) từ Ngày 27/12/2006.",CT,VNINDEX,,2700,vnstock:VCI,2026-07-19
VTC,Công ty Cổ phần Viễn Thông VTC,HNX,Technology,True,2003-01-24,Viễn thông VTC,"Công ty Cổ phần Viễn thông VTC tiền thân là Xí nghiệp liên doanh sản xuất thiết bị viễn thông Việt nam thành lập năm 1988. Năm 1999 chuyển sang hoạt động theo mô hình cổ phần. Hiện nay công ty là đơn vị cung cấp các dịch vụ kỹ thuật và hỗ trợ kỹ thuật các hệ thống tổng đài cho các Bưu điện tỉnh thành. Hiện công ty là đại lý cung cấp độc quyền sản phẩm của UTStarcom tại thị trường phía Nam từ Quảng Trị trở vào và là nhà phân phối lớn các sản phẩm của OPNET (Đài Loan). Mức tăng trưởng doanh thu trung bình của hoạt động này hàng năm cao (hơn 50%). Trong lĩnh vực sản xuất kinh doanh thẻ thông minh, Trung tâm Sản xuất Thẻ của Công ty là một trong hai đơn vị đầu tiên của cả nước tham gia lĩnh vực này. Ngoài ra, Công ty còn là đại lý cung cấp độc quyền sản phẩm của HiTron (Đài Loan), E 77 (Hungary) và là nhà phân phối lớn các sản phẩm của Huawei (Trung Quốc) tại thị trường Việt Nam. Mức tăng trưởng doanh thu trung bình của hoạt động này hàng năm khá cao (hơn 50%).",CT,HNXIndex,,9500,vnstock:VCI,2026-07-19
VTH,Công ty Cổ phần Dây cáp điện Việt Thái,HNX,Industrial Goods & Services,True,2014-10-29,Dây cáp điện Việt Thái,"Công ty Cổ phần Dây cáp điện Việt Thái (VTH), được thành lập từ việc cổ phần hóa Xí nghiệp Việt Thái thuộc Công ty TNHH MTV Dây và Cáp điện Việt Nam. Hoạt động kinh doanh chính của công ty là sản xuất, kinh doanh các mặt hàng đồng, thau, nhôm, dây và cáp điện. Từng là một xí nghiệp thành viên thuộc Công ty Cổ phần Dây Cáp điện Việt Nam (Cadivi), lợi thế của công ty là được thừa hưởng kinh nghiệm sản xuất kinh doanh và thương hiệu trong ngành sản xuất dây cáp điện. Năng lực sản xuất: 10.000 tấn/năm dây nhôm phi 9.5m.m, trung bình sản xuất 70 triệu mét/năm dây cáp điện các loại. Các công trình tiêu biểu được VTH triển khai xây dựng: Công trình phân pha dây dẫn đường dây 110kv từ 173 Cà Mau 2, Công trình Xây dựng Bệnh viện Đa khoa Lấp Vò (90 tỷ đồng), Công trình Xây dựng trường Tiểu học Bình trị 1 (44 tỷ đồng)...Ngày 29/10/2014, VTH chính thức giao dịch trên Sở Giao dịch Chứng khoán Hà Nội (HNX).",CT,HNXIndex,,2700,vnstock:VCI,2026-07-19
VTJ,Công ty Cổ phần Thương mại và Đầu tư VI NA TA BA,HNX,Personal & Household Goods,True,2014-12-29,TM và Đầu tư VINATABA,"Công ty Cổ phần Thương mại và Đầu tư VI NA TA BA (VTJ) được thành lập vào ngày 07/06/2007. Công ty hoạt động chủ yếu trong việc kinh doanh phân phối nguyên phụ liệu ngành thuốc lá và sản phẩm thuốc lá bao. VTJ chính thức được giao dịch trên Sở Giao dịch Chứng khoán Hà Nội (HNX) từ tháng 04/2017. Từ năm 2012, VTJ đã tập trung triển khai phân phối, phân phối độc quyền và kinh doanh một số sản phẩm thuốc lá bao nội địa của các công ty sản xuất thuốc lá như Công ty Thuốc lá Sài Gòn, Công ty TNHH MTV Thuốc lá Thăng Long với các nhãn hiệu như Select Vinataba, Jupiter Gold BC, Thăng Long, Thủ Đô, Saigon Silver Demi Slim BC với mạng lưới 42 đại lý bán hàng trong cả nước. Bên cạnh đó, VTJ còn sở hữu 12 căn hộ thuộc Tòa nhà Tây Nguyên Plaza tại quận Cái Răng, thành phố Cần Thơ, và sở hữu quyền thuê tầng 1, tầng 2 và tầng 3 Tòa nhà Phú Điền tại quận Hoàn Kiếm, Hà Nội.",CT,HNXIndex,,3700,vnstock:VCI,2026-07-19
VTO,Công ty Cổ phần Vận tải Xăng dầu VITACO,HSX,Industrial Goods & Services,True,2007-10-09,VITACO,"Công ty Cổ phần Vận tải Xăng dầu VITACO (VTO) có tiền thân là Công ty Vận tải Nhiên liệu VITACO được thành lập vào năm 1975. Công ty hoạt động trong lĩnh vực kinh doanh vận tải xăng dầu đường biển, dịch vụ hàng hải, đại lý tàu biển. VTO chính thức hoạt động theo mô hình công ty cổ phần từ năm 2005. Công ty sở hữu đội tàu vận chuyển xăng dầu với tổng trọng tải 143.239 DWT. Đội tàu ven biển chiếm khoảng 40% thị phần vận tải nội địa toàn quốc, tương đương với 66% thị phần vận tải của Petrolimex. VTO được niêm yết và giao dịch trên Sở Giao dịch Chứng khoán Thành phố Hồ Chí Minh (HOSE) từ năm 2007.",CT,VNINDEX,,2700,vnstock:VCI,2026-07-19
VTP,Tổng Công ty Cổ phần Bưu chính Viettel,HSX,Industrial Goods & Services,True,2018-11-23,Bưu chính Viettel,"Tổng Công ty Cổ phần Bưu chính Viettel (VTP) được thành lập vào năm 1997. Tổng Công ty hoạt động trong lĩnh vực (i) Kinh doanh dịch vụ chuyển phát nhanh bưu phẩm, bưu kiện hàng hóa, (ii) Đại lý kinh doanh dịch vụ phát hành báo chí, (iii) Kinh doanh thương mại trên mạng bưu chính, thương mại điện tử, và (iv) Dịch vụ logistic (dịch vụ bốc xếp hàng hóa, dịch vụ kho bãi và lưu giữ hàng hóa). VTP chuyển sang hoạt động theo mô hình tổng công ty từ năm 2012. VTP hiện đang sở hữu mạng lưới rộng khắp cả nước với hơn 2.200 bưu cục, cửa hàng, 1.000 tủ giao nhận thông minh, hơn 47.000 nhân sự và đối tác chuyên nghiệp, vận tải đường bộ 5.000 xe tải các loại vận hành thường xuyên, triển khai 6 đoàn tàu/ngày kết nối Bắc Nam; triển khai chuyên tuyến hàng không Việt Nam – Châu Âu/Mỹ; thời gian toàn trình nội miền 23 giờ; thời gian toàn trình liên miền 48 giờ. Ngày 12/03/2024, VTP chính thức giao dịch trên Sở Giao dịch Chứng khoán Thành phố Hồ Chi Minh (HOSE);",CT,VNINDEX,,2700,vnstock:VCI,2026-07-19
VTV,Công ty Cổ phần Năng lượng và Môi trường VICEM,HNX,Construction & Materials,True,2006-12-18,Năng lượng và Môi trường VICEM,"Công ty Cổ phần Năng lượng và Môi Trường VICEM (VTV) thành lập năm 1990 và chuyển sang hoạt động theo mô hình cổ phần năm 2006. Công ty kinh doanh các loại vật tư dùng cho ngành xi măng, kinh doanh vật liệu xây dựng, nhiên liệu (xăng, dầu, khí đốt), kinh doanh vận tải và dịch vụ vận tải, chế biến các loại phụ gia và xỉ thải phục vụ cho sản xuất xi măng và các nhu cầu khác của xã hội. Hiện nay, Công ty là đơn vị duy nhất cung cấp 100% nhu cầu than cho các nhà máy xi măng như Xi măng Hải Phòng, Xi măng Hoàng Thạch, Xi măng Bút Sơn, Xi măng Hoàng Mai. Công ty có một Xí nghiệp Tuyển xỉ Phả Lại đặt tại Chí Linh, Hải Dương, có nhiệm vụ thu mua xỉ phế liệu của nhà máy nhiệt điện Phả Lại, tiến hành phân loại thành than phế liệu và xỉ, sấy và đóng bao. Ngoài các sản phẩm và lĩnh vực kinh doanh trên Công ty còn đang tiến hành kinh doanh dịch vụ kho bãi tại khu vực Trung Hòa - Nhân Chính Hà Nội trên diện tích khoảng 6.500 m2. VTV chính thức được niêm yết tại Sở Giao dịch Chứng khoán Hà Nội (HNX) từ năm 2006.",CT,HNXIndex,,2300,vnstock:VCI,2026-07-19
VTZ,Công ty Cổ phần Sản xuất và Thương mại Nhựa Việt Thành,HNX,Chemicals,True,2021-11-25,Nhựa Việt Thành,"Công ty Cổ phần Sản xuất và thương mại Nhựa Việt Thành (VTZ) được thành lập ngày 27/3/2011. Công ty hoạt động chính trong lĩnh vực sản xuất và kinh doanh các sản phẩm nhựa gia dụng, công nghiệp. VTZ đang sở hữu và vận hành 1 nhà máy sản xuất nhựa tại Long An, với công suất 28.560 tấn/năm. Hiện tại, thị trường chính của công ty là miền Nam, miền Trung. Các đối tác của công ty có thể kể đến: Dow Chemical Pacific Limited, Daelim Corporation, công ty CP nhựa Opec,... Ngày 08/11/2021, VTZ chính thức được niêm yết tại Sở Giao dịch Chứng khoán Hà Nội (HNX).",CT,HNXIndex,,1300,vnstock:VCI,2026-07-19
VVS,Công ty Cổ phần Đầu tư Phát triển Máy Việt Nam,HSX,Automobiles & Parts,True,2022-10-07,Đầu tư Phát triển Máy Việt Nam,"Công ty Cổ phần Đầu tư Phát triển Máy Việt Nam (VVS) là một công ty kinh doanh xe tải hạng trung, hạng nặng được thành lập từ năm 2010. Hoạt động chính của công ty là kinh doanh, phân phối các dòng xe SINOTRUK và cung cấp dịch vụ bảo dưỡng cho các dòng xe tải. VVS là đại diện chính thức của SINOTRUK tại Việt Nam. Hiện tại, công ty là đơn vị số 1 Việt Nam về thị phần xe tải hạng trung - hạng nặng mới, chiếm khoảng 18-20% thị phần. Tính đến nay, công ty đã có 16 chi nhánh trên toàn quốc. Ngày 10/12/2025, VVS chính thức giao dịch trên Sở giao dịch Chứng khoán Thành phố Hồ Chí Minh (HOSE).",CT,VNINDEX,,3300,vnstock:VCI,2026-07-19
WCS,Công ty Cổ phần Bến xe Miền Tây,HNX,Industrial Goods & Services,True,2010-09-17,Bến xe Miền Tây,"Công ty Cổ phần Bến xe Miền Tây (WCS) tiền thân là Bến Xe Miền Tây được thành lập năm 1970. Năm 2005, Công ty chuyển sang hoạt động theo mô hình công ty cổ phần. Công ty hoạt động chính trong lĩnh vực khai thác và kinh doanh bến xe; khai thác dịch vụ phục vụ trong bến xe. Hiện tại WCS đang quản lý Bến xe Ngã Tư ga (Quận 12 Thành phố Hồ Chí Minh), Bến xe An Sương (Quận 12 thành phố Hồ Chí Minh), Bến xe tàu Bạc Liêu (Thành phố Bạc Liêu - Tỉnh Bạc Liêu), Bến xe và Phà Bến Tre (Thành phố Bến Tre). Công ty có trên 145 đơn vị vận tải với khoảng 3.450 phương tiện, hoạt động trên 172 tuyến đường về 29 tỉnh, thành phố khắp cả nước. Năm 2010, WCS chính thức được niêm yết tại Sở Giao dịch Chứng khoán Hà Nội (HNX).",CT,HNXIndex,,2700,vnstock:VCI,2026-07-19
WSS,Công ty Cổ phần Chứng khoán Phố Wall,HNX,Financial Services,True,2009-12-15,Chứng khoán Phố Wall,"Công ty Cổ phần chứng khoán Phố Wall (WSS) được thành lập vào năm 2007. Công ty chuyên cung cấp dịch vụ môi giới chứng khoán, tư vấn tài chính doanh nghiệp và đầu tư chứng khoán. Năm 2025, Doanh thu nghiệp vụ môi giới chứng khoán có giá trị bằng 0,69 tỷ đồng, tăng 27.59% so với cùng kỳ. Nợ vay ký quỹ/Vốn chủ sở hữu ở mức 0.12%, tăng 0.07%. Lợi nhuận trước thuế đạt 45,61 tỷ đồng. Tỷ lệ sinh lời trên vốn chủ sở hữu (ROE) ở mức 9.01%, tăng 15.31%. WSS được niêm yết và giao dịch trên Sở Giao dịch Chứng khoán Hà Nội (HNX) từ năm 2009.",CK,HNXIndex,,8700,vnstock:VCI,2026-07-19
X20,Công ty Cổ phần X20,HNX,Personal & Household Goods,True,2018-02-05,May mặc X20,"Công ty cổ phần X20 (X20) có tiền thân là Xưởng đo may hàng kỹ được thành lập vào năm 1957. Công ty hoạt động trong lĩnh vực sản xuất, kinh doanh, xuất khẩu hàng dệt, may và nguyên phụ liệu hàng dệt may. X20 chính thức hoạt động theo mô hình công ty cổ phần từ năm 2009. Công ty hiện đang quản lý vận hành hệ thống thiết bị máy móc với công suất dệt may lên tới 17 triệu sản phẩm dệt may/năm và công suất nhuộm là 5 triệu mét/năm. X20 lần lượt được niêm yết và giao dịch trên Sở Giao dịch Chứng khoán Hà Nội (HNX) vào cuối năm 2017 và đầu năm 2018.",CT,HNXIndex,,3700,vnstock:VCI,2026-07-19
X77,Công ty Cổ phần Thành An 77,UPCOM,Construction & Materials,True,2017-02-17,Thành An 77,"Công ty Cổ phần Thành An 77 (X77) có tiền thân là Công ty Xi măng 77 trực thuộc Tổng cục Hậu Cần, được thành lập vào năm 1977. X77 chính thức hoạt động theo mô hình công ty cổ phần từ năm 2015. Công ty hoạt động chính trong lĩnh vực khai thác vật liệu xây dựng và sản xuất xi măng. X77 đang quản lý và vận hành 02 Trạm nghiền xi măng có tổng công suất 280.000 tấn /năm. X77 được giao dịch trên thị trường UPCOM từ đầu năm 2017.",CT,UpcomIndex,,2300,vnstock:VCI,2026-07-19
XDH,Công ty Cổ phần Đầu tư Xây dựng Dân dụng Hà Nội,UPCOM,Real Estate,True,2018-10-22,Đầu tư XD Dân dụng Hà Nội,"Công ty Cổ phần Đầu tư Xây dựng Hà Nội (XDH) có tiền thân là Công ty Xây dựng Dân dụng Hà Nội được thành lập vào năm 1972. Lĩnh vực hoạt động chính của Công ty bao gồm: (i) Xây dựng, phát triển và kinh doanh các khu dân cư, khách sạn, khu nghỉ dưỡng…(ii) Hoạt động tư vấn quản lý đầu tư xây dựng cơ bản các khu đô thị, thiết kế soạn thảo hồ sơ mời thầu và tổng dự toán chi phí đầu tư xây dựng. (iii) Sản xuất, kinh doanh và lắp đặt các thiết bị điện máy công nghiệp. XDH chính thức hoạt động theo hình thức công ty cổ phần từ năm 2007. Một số dự án tiêu biểu của công ty như: Khu nhà ở Đồng Kênh Trong với tổng diện tích đất quy hoạch là 3.58 héc ta và tổng mức đầu tư dự án là 113 tỷ đồng; Khu đô thị mới Yên Hòa với tổng diện tích đất quy hoạch lên tới 39.9 ha. XDH được giao dịch trên thị trường UPCOM từ tháng 10/2018.",CT,UpcomIndex,,8600,vnstock:VCI,2026-07-19
XHC,Công ty Cổ phần Xuân Hòa Việt Nam,UPCOM,Personal & Household Goods,True,2016-11-03,Nội thất Xuân Hòa,"Công ty Cổ phần Xuân Hòa Việt Nam (XHC) có tiền thân là Xí nghiệp Xe đạp Xuân Hòa trực thuộc Sở Công nghiệp Hà Nội được thành lập vào năm 1980. Công ty hoạt động trong lĩnh vực sản xuất và kinh doanh thiết bị nội thất văn phòng, gia đình, trường học, nơi công cộng. Từ năm 2015, XHC chính thức hoạt động theo mô hình công ty cổ phần. Công ty có công suất 400.000 - 500.000 sản phẩm mộc/năm. XHC đã tham gia cung cấp các sản phẩm nội thất cho các công trình tiêu biểu như Trung tâm Hội nghị quốc gia, Tòa nhà Bộ Tài chính, Bảo tàng Hà Nội, Cung Văn hóa Hữu nghị Việt Xô, Bệnh viện An Sinh, Khách sạn Mường Thanh, Trường Phổ thông Liên cấp Olympia. XHC được giao dịch trên thị trường UPCOM từ cuối năm 2016.",CT,UpcomIndex,,3700,vnstock:VCI,2026-07-19
XLV,Công ty Cổ phần Xây lắp và Dịch vụ Sông Đà,UPCOM,Construction & Materials,True,2018-05-22,XL và DV Sông Đà,"Công ty Cổ phần Xây lắp và Dịch vụ Sông Đà (XLV) có tiền thân là Chi nhánh Sông Đà 11-3 trực thuộc Công ty Cổ phần Sông Đà 11 được thành lập vào năm 1993. Công ty hoạt động trong lĩnh vực thi công xây lắp các công trình điện, nước, nhà cao tầng, khu đô thị, khu công nghiệp, các công trình đường dây và trạm biến áp đến 500kV. XLV chính thức hoạt động theo mô hình công ty cổ phần từ năm 2009. Từ năm 2010, Công ty tham gia cung cấp dịch vụ quản lý vận hành bất động sản. Công ty đã thi công một số công trình trọng điểm trong đó có trạm biến áp 220 kV Sóc Sơn – Hà Nội, trạm biến áp 220 kV Việt Trì – Phú Thọ, đường dây 500 kV Quảng Ninh – Thường Tín, dự án khách sạn quốc tế DAEWOO và khu công nghiệp Yên Phong - Bắc Ninh. XLV được giao dịch trên thị trường UPCOM từ tháng 05/2018.",CT,UpcomIndex,,2300,vnstock:VCI,2026-07-19
XMC,Công ty cổ phần Đầu tư và Xây dựng Xuân Mai,UPCOM,Construction & Materials,True,2007-12-20,Bê tông Xuân Mai,"Công ty Cổ phần Đầu tư và xây dựng Xuân Mai (XMC) tiền thân là Nhà máy Bê tông tấm lớn Xuân Mai, được thành lập vào năm 1983. XMC chính thức hoạt động theo mô hình công ty cổ phần từ năm 2003. Công ty hoạt động trong lĩnh vực tư vấn thiết kế, thi công xây lắp công trình, sản xuất công nghiệp, vật liệu xây dựng và đầu tư kinh doanh bất động sản. Công ty đã xây dựng mạng lưới cung ứng dịch vụ hoàn chỉnh từ khâu từ vấn thiết kế, cung ứng vật tư đến thi công xây lắp, để có đầy đủ năng lực để thực hiện vai trò nhà thầu EPC cũng như đầu tư phát triển và kinh doanh bất động sản. Các công trình XMC đã thực hiện thi công bao gồm Marina Square Phú Quốc, Eco Dream, Eco Green Sài Gòn, khách sạn chung cư Royal Park Bắc Ninh,... XMC được giao dịch trên thị trường UPCOM từ cuối tháng 06/2019.",CT,UpcomIndex,,2300,vnstock:VCI,2026-07-19
XMD,Công ty Cổ phần Xuân Mai - Đạo Tú,UPCOM,Construction & Materials,True,2015-12-25,Xuân Mai - Đạo Tú,"Công ty Cổ phần Xuân Mai - Đạo Tú (XMD) tiền thân là Công ty cổ phần Bê tông và Xây dựng Vinaconex Xuân Mai - Chi nhánh Vĩnh Phúc hoạt động chủ yếu trong lĩnh vực sản xuất và kinh doanh vật liệu xây dựng với sản phẩm chính là cấu kiện bê tông đúc sẵn, bê tông thương phẩm, cung cấp cho thị trường Hà Nội, Vĩnh Phúc và một số tỉnh thành miền Bắc Việt Nam. Công ty được chính thức cổ phần hóa và chuyển đổi hoạt động sang hình thức công ty cổ phần từ năm 2008. XMD được giao dịch trên thị trường UPCOM từ cuối năm 2015.",CT,UpcomIndex,,2300,vnstock:VCI,2026-07-19
XMP,Công ty Cổ phần Thủy điện Xuân Minh,UPCOM,Utilities,True,2021-08-16,Thủy điện Xuân Minh,"Công ty Cổ phần Thủy điện Xuân Minh (XMP), chính thức được thành lập năm 2014. Lĩnh vực kinh doanh chính của Công ty là sản xuất và phân phối điện. XMP hiện đang quản lý và điều hành Nhà máy Thủy điện Xuân Minh với 2 tổ máy công suất điện đạt 15MW, sản lượng điện trung bình năm đạt 66 triệu kWh. Ngày 16/08/2021, XMP chính thức giao dịch trên thị trường UPCOM.",CT,UpcomIndex,,7500,vnstock:VCI,2026-07-19
XPH,Công ty Cổ phần Xà phòng Hà Nội,UPCOM,Personal & Household Goods,True,2014-11-25,Xà phòng Hà Nội,"Công ty Cổ phần Xà phòng Hà Nội (XPH) có tiền thân là Nhà máy Xà phòng Hà Nội, được thành lập từ năm 1960. Công ty bắt đầu hoạt động theo mô hình công ty cổ phần năm 2005. Hoạt động kinh doanh chính của công ty là sản xuất, kinh doanh các sản phẩm tẩy rửa và các chất hoá học cơ bản. Một số sản phẩm tiêu biểu của công ty có thể kể đến nước giặt Power, nước rửa chén Kazoku, nước lau sàn Kazoku, nước tẩy đa năng Kazoku, xà phòng bánh Kea... Công ty sở hữu công nghệ xà phòng bánh 72% có công suất thiết kế hàng năm là 3.000 tấn. XPH chính thức được giao dịch trên sàn UPCOM năm 2014.",CT,UpcomIndex,,3700,vnstock:VCI,2026-07-19
YBC,Công ty Cổ phần Xi măng và Khoáng sản Yên Bái,UPCOM,Construction & Materials,True,2008-05-20,Xi măng và Khoáng sản Yên Bái,"Công ty Cổ phần Xi măng và Khoáng sản Yên Bái (YBC) được thành lập từ năm 1980, với tiền thân là Nhà máy Xi măng Yên Bái. Công ty chuyên sản xuất và kinh doanh xi măng, khai thác, chế biến, kinh doanh và xuất khẩu khoáng sản. Sản phẩm chính của Công ty là Xi măng PCB30, PCB40 và Cacbonat canxi (CaCO3) các loại . Hiện công ty có 4 xí nghiệp trực thuộc, bao gồm: Nhà máy xi măng Yên Bái (công suất sản xuất 450.000 tấn clinker/năm tương đương 900.000 tấn xi măng/năm), Nhà máy chế biến CaCO3 (công suất 300.000 tấn sản phẩm/năm), xí nghiệp khai thác đá khai thác trên 2 mỏ với diện tích 19.67 ha, sản lượng khai thác hàng năm đạt trên 500.000 m3). Các sản phẩm của Công ty đã được xuất khẩu sang một số quốc gia như Thái Lan, Băng-la-đét, Ấn Độ, Hàn Quốc. Ngày 25/06/2014, YBC được giao dịch trên thị trường UPCOM.",CT,UpcomIndex,,2300,vnstock:VCI,2026-07-19
YBM,Công ty Cổ phần Khoáng sản Công nghiệp Yên Bái,HSX,Basic Resources,True,2018-08-21,Khoáng sản CN Yên Bái,"Công ty Cổ phần Khoáng sản Công nghiệp Yên Bái (YBM) được thành lập vào năm 2015. Công ty hoạt động chính trong lĩnh vực sản xuất, khai thác, chế biến các loại khoáng sản, đặc biệt là các sản phẩm bột CaCO3 với nhiều kích thước khác nhau, để làm phụ gia trong các ngành công nghiệp sơn, nhựa, giấy, cao su,...YBM chính thức được niêm yết trên Sở Giao dịch Chứng khoán Thành phố Hồ Chí Minh (HOSE) từ tháng 08/2018.",CT,VNINDEX,,1700,vnstock:VCI,2026-07-19
YEG,Công ty Cổ phần Tập đoàn Yeah1,HSX,Media,True,2018-06-26,Tập đoàn Yeah1,"Công ty Cổ phần Tập đoàn Yeah1 (YEG) có tiền thân là trang thông tin điện tử www.yeah1.com được thành lập vào năm 2006. Công ty hoạt động chính trong lĩnh vực cung cấp dịch vụ quảng cáo truyền hình, dịch vụ quảng cáo trên nền tảng kỹ thuật số, đại lý mua bán quảng cáo và bản quyền phim truyền hình, đầu tư, sản xuất hoặc marketing cho các bộ phim chiếu rạp. YEG hiện sở hữu và vận hành 4 kênh truyền hình trả tiền phủ sóng cả nước là Yeah1 TV, Yeah1 Family, iMovie TV và UNI Channel. Bên cạnh đó, Công ty còn đóng vai trò là đại lý mua bán các quảng cáo và bản quyền phim cho 16 đài truyền hình quốc gia, địa phương và các kênh truyền hình tư nhân ở Việt Nam. YEG được niêm yết và giao dịch trên Sở Giao dịch Chứng khoán Thành phố Hồ Chí Minh (HOSE) từ tháng 06/2018.",CT,VNINDEX,,5500,vnstock:VCI,2026-07-19
YTC,Công ty Cổ phần Xuất nhập khẩu Y tế Thành phố Hồ Chí Minh,UPCOM,Health Care,True,2017-08-03,XNK Y tế TP.HCM,"Công ty Cổ phần Xuất nhập khẩu Y tế Thành phố Hồ Chí Minh (YTC) có tiền thần là Công ty Cung ứng Thuốc, được thành lập vào năm 1984. Công ty hoạt động chính trong lĩnh vực kinh doanh, xuất nhập khẩu dược phẩm và trang thiết bị y tế. YTC là 1 trong 5 doanh nghiệp được Bộ Y tế giao nhiệm vụ nhập khẩu và phân phối các loại thuốc độc, gây nghiện và hướng tâm thần. Công ty hiện có 1 nhà kho với diện tích là 2000m2 đạt tiêu chuẩn GSP của quốc tế. Một số khách hàng của YTC như: Bệnh viện tim Tâm Đức, Viện tim thành phố Hồ Chí Minh, Công ty cổ phần VINAPHA, Công ty cổ phần dược phẩm TIPHARCO…YTC được giao dịch trên thị trường UPCOM từ tháng 08/2017.",CT,UpcomIndex,,4500,vnstock:VCI,2026-07-19
